DAAZ9Y7I9XR7HFYG,2013-08-12,Kimberley,Brinkley,ingrid7@thanksgiving.gs.nt.no
PVMPTQ3XQ29BDSKC,2021-08-28,Fredricka,Jasso,sharyn-mcgovern-comstock@yahoo.com
3RF1FUX9Q51EF3UR,2018-07-10,Torie,Rhodes,lukecable85@gmail.com
ZJSE7JRUH8JCSEAN,1998-11-15,Estelle,Lusk,enola26@tract.com
36MAV8APMSOTCARQ,1978-11-04,Mikki,Kovach,kaley.millard@gmail.com
N8SISRF1Q1F74QLT,1996-10-01,Isidro,Mosher,andres.amador6@isa.kota.aichi.jp
QL7A7NUHC05U8X3R,2022-09-29,Ira,Mallard,deana-boudreau-cardwell71763@object.com
BDYSQ5MARLOGQEQA,1977-01-17,Corrin,Pool,ardis1@yahoo.com
5QFL4A83NVH4651Y,1990-11-07,Muoi,Ragland,hal.darby9@gmail.com
7SVTY2O9L8LSQGEL,2005-03-31,Sheri,Storey,evelinluce@maintains.com
1GCHMAARAA7ISIFZ,2003-07-10,Indira,Heath,westonwhitaker@mime.com
7C3RXLBP73UK1S1F,1997-09-30,Aubrey,Hart,shaneka3792@gmail.com
KZSXIR5D2UQTYTB8,1999-06-09,Catherin,Sheffield,glayds.lockwood2320@tumor.com
YNNUG07X64XVABD5,1990-08-12,Elna,Feeney,jonathanshearer@bucks.com
7NQGLQ463TKXULB5,2017-08-13,Delilah,Button,barbra2@oclc.com
T8KNPD9CQTQC8QZG,2005-07-08,Beryl,Hundley,doreen9307@yahoo.com
3O43HEJLXT2MBTZQ,2000-01-19,Connie,Biggs,sabinerayford92888@hotmail.com
9LSJD3987Y2HBM5C,1984-08-26,Dominga,Cate,robbyn_guerin135@yahoo.com
PZDFVXUD8JQXAIZQ,2011-07-06,Jasmine,Dillard,judsontilley3723@arctic.com
6LEN52DY78P9JCJQ,1977-07-22,Carin,Reddy,gregory59@studies.com
6HQE9LCXXXD25VLH,1976-02-26,Lawanna,Musser,denese_westfall29056@filed.com
1MPK5U34FFII3LCL,2014-12-03,Brad,Combs,rosina_orth@yahoo.com
QUMG62N85VN8UFB2,1980-12-01,Hoa,Poore,conchitablackmon3073@yahoo.com
Y5ZPRYMKXTD5HHSQ,1994-07-13,Anneliese,Jerome,bethel_tapia72704@nonprofit.com
XPDD9JXJPK2JAMLC,2004-04-08,Pedro,Luis,clora130@vary.com
9S42CYI0XQ7F5MF1,2004-04-12,Mel,Gerald,suk-kyle220@hotmail.com
QG8QUS7T89Q1S9YV,1981-11-24,Eura,Mcmillen,daniele77461@yahoo.com
YMVYF5RUBCX84I2K,2011-01-05,Kara,Nail,kira926@inexpensive.com
PKU517Q4DE5VRU3K,1984-07-23,Iona,Baker,caritanava658@gmail.com
9FAAFZQJ0A8TNEEK,2006-10-18,Merissa,Lashley,darin16010@poster.com
MZ8HR7JLBZIZPE7Z,2003-10-01,Dexter,Gibbons,lyndsay589@drain.com
CQDD857PPFAJQTNM,2017-03-21,Jonas,Sumpter,argentina-tavares7@redhead.us-east-1.amazonaws.com
TRGVJ4JQR3H4TGZQ,1996-01-07,Amira,Lowry,shellie_snook7@level.com
D9G64BXBKMRJBRN6,1991-04-23,Debrah,Cortez,harry.dabney087@yahoo.com
ZAQMVPPYZQFU2G1I,2000-08-14,Gregory,Strader,rashida485@writings.com
0FP74K2BBL48INQI,2011-06-11,Elinor,Speer,adelia5399@ghost.com
8QOI6RB87K4U3A4Y,2003-10-06,Rashida,Kozlowski,harriett_mccall71142@hotmail.com
VBUQXR7IPMFYJ00I,1984-10-03,Vita,England,phyllis-tribble072@gmail.com
TUNJ9HTAA2ICZHA1,2002-05-20,Myrna,Bellamy,jean2@gmail.com
ZIC8NVKAQORYLT0E,1995-08-10,Isela,Hathaway,elois-baldwin@pregnant.com
7XK1ZNPGC1DX8QPO,2002-11-28,Freeman,Chalmers,kami75@proc.kitashiobara.fukushima.jp
9GKIGOQXOSZXUOYR,2003-09-14,Felix,Nettles,dia01963@hotmail.com
IUQ3ZM8QXJR8MAUZ,2010-11-21,Shawanda,Jolley,michael-wortham@yahoo.com
FIUQCV4YMLMREKPK,1977-05-27,Augustine,Singletary,maisie657@money.com
98HOR59O0CA3GH5G,2006-03-16,Lucas,Rodman,jim_suggs01189@greece.spot
JSNBKCSGAQEHARAK,1994-11-12,Hertha,Hinson,wardparrish94@nec.com
D88A4E0XUD0H7VX8,1975-11-03,Millie,Schramm-Armstrong,elvina032@gmail.com
YIDEQUQ5TUKO6BP7,1983-04-25,Deanne,Colby,assunta.posey@proper.md.us
LYLXBSV0FXEF6750,1995-03-29,Etha,Mcfarland,wendell_high@beef.com
QI1RKX93M59BEERM,2002-05-26,Nidia,Dial,bebe.spearman170@downtown.com
9Q6OR9UCQD1UDGX9,2015-03-11,Sharda,Mackey,kym_leach@gmail.com
VO6B1AM0CFC4A036,1980-12-09,Brad,Basham,katrina_mallard9@yahoo.com
UY09JYL5665YCJA6,1989-06-24,Sylvester,Johansen,millard-harp@gmail.com
EEAH3AARI6L7E5FM,1972-04-05,Pauline,Beckwith,roma92934@gmail.com
L59RYGORNNEG9UPD,1989-04-06,Salley,Bennett,jeanicebeal@hotmail.com
1VAR1RRNHCQM4EGL,1982-06-02,Clare,Frazer,nick916@sublime.com
LOYSR05FJX2LPM0R,1977-04-30,Nelle,Appleton,josie_barringer@yahoo.com
7U2QX235U9EMUJB2,1972-06-16,Lashawn,Duckworth,normand.farias@yahoo.com
DJX8HTXEUTQ6JA77,2014-09-15,Pricilla,Beasley,wynona_dinkins@clara.com
KRBXTE6I9DBC2IXE,2015-06-21,Ocie,Weir,anabeltilton9273@zoom.macapa.br
FOTQ99L9XHYTOFA1,2003-01-04,Blanche,Slaughter-Pyle,teddy00425@hotmail.com
0VS7VZ6BKJH40G9Q,1982-06-16,Ellamae,Neff,rebecka.parks743@fundraising.com
3KXA5GL1QR4PH2XE,2001-08-25,Eleonore,Sprague,sal_mcvay67@hotmail.com
O6VXM9715DYKAUM6,1987-08-09,Enda,Riggs,sungcopley@elizabeth.com
0QLU9TGNE898EKQT,2021-09-04,Tom,Hampton,lonna_scholl@yahoo.com
M3Z6VBR03ZLQPP2R,2002-10-22,Giselle,Picard,racheal.hass@worldwide.com
KLIQQMO6NJP5SZRK,1992-04-26,Debby,Fullerton,cristin.montes15@administrative.com
6Y3YUZQTVF0AZ2Q4,2021-03-13,Ila,Callaway,celsa78699@hotmail.com
I5Q0F4KP9S1YFU8Z,2021-05-08,Lakita,Khan,jerome-newsome@example.americanfamily
LSHIEKOPUQ02BHIX,2006-09-18,Jess,Hylton,anette.stovall235@gmail.com
G5R6FILDLFNA2H58,1971-06-02,Tameka,Cochrane,duane_toney1941@gmail.com
TJQL1R2RV4P72DKD,2015-02-01,Shira,Bruce,loreansteiner@crystal.com
FEFKJN2068S7UE06,1990-03-17,Art,Powers,britany11@gmail.com
TKD5611F26DJ926H,1988-06-06,Jacinda,Hahn,blanca49@hotmail.com
G3XYXHQYRONEF2BC,1974-08-19,Marnie,France,carmen7@distribute.com
VQBHEQ0YLIRHAL1J,2006-11-09,Johnsie,Prentice,dirk.weinstein40525@sandy.com
IKQY0F1ZD4VVVDZV,1983-02-02,Elinor,Lindstrom,cuc88@laboratories.com
I4MD6OQLJGOSFQ24,1994-06-23,Easter,Chavarria,sophia246@gmail.com
XTZE7SBRMOANUA9K,1997-12-01,Zita,Godfrey,trula6397@hotmail.com
X8N2AVZDCH9BASNM,1970-03-20,Evelyn,Groff,willena.valenzuela@hotmail.com
9VPK42KANXK1CPD8,1973-10-20,Marcia,Puente,consuelawheat2236@gmail.com
0RYS32I5Y8O1TKF1,1996-12-12,Hang,Carrera,talitha_amaya108@doom.com
QZBBLPH6NIDF5YDS,2005-02-06,Timika,Haro,ernesto-blanco5186@hotmail.com
1E1OK3PKZF5JFQV3,2017-11-11,Deandre,Carroll,camelia.hanson5@gmail.com
GF7YQBQNB3IPTMC6,2011-09-20,Jona,Lofton,lisabeth_wasson@now.com
IHJF6Q5N5RU9QHI3,1982-12-27,Dorla,Scribner,toby_conway042@gmail.com
D4X8YT1E7SYV1707,2005-03-13,Kirsten,Segura,rema4146@hotmail.com
GLYH4AQI74AT8G6B,2003-09-29,Piedad,Westfall,cristine_taft@finger.com
62GGCQN14JG1PN9H,2017-12-17,Curt,Stinnett-Trinidad,viki69787@tourism.notaires.km
QIKQODV6EYENU0BA,1976-01-01,Jolanda,Prince,tempie_mcfarland@ceramic.wa.us
ROFHDNQR5IGIXFZT,1989-04-17,Lilliana,Sanford,lucie.baum2@hotmail.com
HPGEOOJ8SQOA5TNT,2019-06-01,Katharina,Williamson,kindra_dehart17449@hotmail.com
Y2YCJQ7KMGPD5RT2,2019-06-20,Josefa,Talley,lewis36@gmail.com
IMEPEKHQCF5XU3C0,1986-11-06,Teresita,Barajas,rosalind.barnhart073@tower.com
QO98HJ4DQ7PS9S8P,1993-04-22,Mason,Lightfoot,rafael.klinger@hotmail.com
P8T07N3767KQVS5K,1982-11-23,Aleisha,Pettigrew,gaynellecady@gmail.com
U9G2NEXIAJO9O5DZ,1983-02-03,Nelida,Horowitz,charlene-gilmer5@gmail.com
G349OENHI8O13X39,1973-12-24,Melanie,Beattie,alpha4@gmail.com
08UNDMY3C6DZL3J9,1989-06-24,Raylene,Combs,sandi24@wendy.freeboxos.fr
YCH59KBXVCVYRMAJ,1972-05-26,Chantelle,Farnsworth-Talley,annalee59066@cardiovascular.com
E0HUQL9GHDAPL0IM,1981-02-12,Emmett,Baer,hassanhuntley8@pocket.com
EZE78YKGZHB823BS,2020-12-04,Tisa,Sorenson,josephinabills58075@hh.kyiv.ua
TFL097CY6QSPHJXY,2022-07-12,Jules,Jorgensen,rocky901@religious.com
7F2HOHICFZSDB2ZL,2001-03-06,Mistie,Pino-Ayres,leesa.low-hitchcock1803@gmail.com
J36PFQTFM1774TK3,2003-04-13,Carroll,Tillery,westonkrueger78095@yahoo.com
8PJBQ549AVOTNQ5A,2002-07-08,Lisa,Quintana,aron7204@bulgaria.com
DQU896NRYE521GKI,1995-02-07,Megan,Bowens,peg87@sleeping.com
M96A3O6MS1KOBFOQ,1998-04-02,Love,Cabrera,loralee-macmillan070@quote.com
61KSZYVOHZ3VAFJG,1985-03-29,Buck,Teal,arlette_monroe3623@yahoo.com
JZPQTMXU89SHVLJI,2011-09-06,Cameron,Ennis,dorla-gold@yahoo.com
X148UBV8FLQKBQY6,1980-05-02,Fatima,Shipman,sheridan-whyte@yahoo.com
JVKIZ7O96IZV4DTP,2000-10-08,Ward,Wolford,lorri-grubbs@buzz.com
MR1CQHQN9L7D7828,2002-02-27,Esther,Hodges,arden.engle@gmail.com
1BKVF55LJDJ2K18H,2018-02-20,Randall,Ocampo,echo.french-mark@hotmail.com
TZAC4ZB7X3UK5SA9,2009-08-13,Angelic,Rader,iva_shea@yahoo.com
21Q2N789CI9AIEL5,2002-07-04,Benny,Tijerina,deetta-hill@wild.com
4KQSA5SV0XPTPB9A,2009-09-11,Bari,Trent,daisy536@scuba.com
O6TC1S2G7VL7FDNE,1996-05-10,Jaunita,Button,ernestina.franco-mccue9739@infinite.mitane.akita.jp
16PHM6JQM9EDTZR8,1989-06-28,Katrina,Negron,loriaparent@softball.uk
XT3JM1E8O2JTPXYQ,2020-04-02,Randolph,Walls,clarissalafferty0534@hotmail.com
Q0XCO8QV5HC0SKE2,1973-12-03,Kate,Escamilla,noemi.close95@yahoo.com
FM7I5VXX3RJTOC7Y,2006-01-23,Joie,Bowman-Parra,shanna505@hotmail.com
EUGTOTDET6SGQTUM,1989-07-07,Katina,Poindexter,susann3565@wednesday.com
1D1LJSZAM8NQOKKV,1990-10-31,Karoline,Gerard,jerrie.petty85@hotmail.com
4T0I8B2V346U8H2D,2010-01-17,Elida,Sanchez,parkerchavez0@hotmail.com
C0G3IQHMELMG4IOD,1996-04-15,Quentin,Call,trudi51@april.com
I6P8TTTRCQ6DPHOS,2010-01-03,Denny,Mcdougal,lawanna_middleton530@yahoo.com
ZOSLZZ7BE489QAR3,1992-01-29,Williams,Faison,jacquicato4@infrared.rn.it
GMVMRS5HAFXD0VEK,1980-01-30,Nathan,Conaway,talia-adcock05234@hotmail.com
PHLYLJISFD6K2N4C,1989-11-05,Orval,Hamilton,jarrett.pearsall977@villa.homedns.org
Y2ZPNERCHE1TUF4E,2010-10-21,Antione,Espinosa,frieda.hinton11@gmail.com
2OSR0G322JBOB6OG,2013-03-13,Jamie,Stpierre-Daley,renate3@gmail.com
1Q3UZRIMVFBKDJC2,1981-07-09,Robbi,Halsey,doug09@chambers.com
J0EOAODLGQJANL9Z,2006-06-29,Jessenia,Calabrese,aaron02@yahoo.com
0DR0YJD462YRNOVV,1971-05-17,Refugia,Leahy,brenna28@played.com
V9GQVQZZXE6DUOIK,2011-01-07,Apolonia,Luster,lizzette35@gmail.com
QEREZ5B5NO9HJZ9M,1984-12-22,Warren,Koch,ursula41@hotmail.com
5EFZD06YQ4MLTYMQ,1978-11-09,Carolann,Jacobson,angilagass11@packs.com
IZNUY6IQRFD8QJLB,1988-02-18,Kathrine,Milner,leolacorrigan47@yahoo.com
NV7S9QQDTDUV4T8B,1998-08-28,Rebekah,Archie,cliff.li6219@garden.com
ASU3RJP2XX6CQS2G,2016-03-01,Oliva,Hyland,peggy758@donated.com
9PZ09BGQS91BKL93,2020-12-28,Danita,Dawson,arletta4@areas.post
8HP9R6SS286RTIME,1997-06-06,Halina,Spinks,jenifer_crockett9@hotmail.com
R359QYLQX5JYARBH,2000-08-03,Christene,Donovan,mathildagilbreath864@doctor.com
VM8CVZH02S440GE8,2015-09-02,Lanie,Mccarthy,nan-weinstein41257@draw.com
FRUEC5MH3TGFTQ9K,1988-05-23,Elana,Lawhorn,edris.pollock11@meals.com
LPA9OPIQU85ARDMG,2021-10-15,Penni,Gagne,otelia8@reservation.com
S04D59STJR0AHORF,1983-09-14,Kerstin,Moss,sharmaine_pleasant43454@commissioner.com
GCEB83M818C6KGCF,2014-11-08,Danita,Hass,luciano_lundy1784@denial.com
1RDBU1N98SQ6K8M3,1987-06-09,Alethea,Baxley,andre7298@obligations.kasuga.fukuoka.jp
7TQ2TTSTFQZJLGKU,1982-07-23,Shelli,Peebles,fredda.zhang@gmail.com
G9UQCTQPVKIE9X0P,2000-01-02,Melodie,Holden,domenica-harlan@pj.com
0Q7RXSAU000GB350,1994-01-07,Armandina,Wells,jolene_shah-tovar@hd.zhytomyr.ua
MQC33N48FR5Y69AV,1973-07-04,Nathaniel,Montoya,tamie-begley@sharon.edu.vc
OPDQVK5RZQSQ8XRV,1990-12-20,Marni,Rains,jesusa.calloway13227@yahoo.com
YTM08LVNO0YOFPAS,2007-11-14,Cherilyn,Bedard,polly153@gmail.com
EMX42C3FFNP2IFAU,2019-04-06,Cathryn,Vaughn,prince7738@appears.com
XOO188XRDIXSE0UN,2017-11-28,Tania,Ornelas,minda84@emma.com
QY5QH40EL27C423K,1973-05-19,Terry,Truong,meri_madrigal76@ebook.com
JJTRYV0I8MY9HUOO,1997-02-28,Janna,Corbin,lanita-salgado@neutral.com
7C7UP73OA53Y6QD6,1972-03-24,Brigitte,Loyd,marleen.corbitt@fiction.com
1NGQOJIQPJKS3PH9,1990-07-17,Rosemary,Frizzell,lorrinecharlton1881@hotmail.com
VNNDTI2YIF3BZE1B,2013-02-09,Majorie,Pendergrass,nancee65@intended.com
EHT0QC1A3T8I96BX,2003-12-18,Elane,Alexander,kathey29251@watch.com
K4TQ28GFCLBRE208,1982-06-29,Charlena,Andres,angla-couture@yahoo.com
SDFV6J3QC7IURIJ3,1988-08-11,Mignon,Bonner,claris44@yahoo.com
1LVCUD6LGAR5DZRF,1981-03-16,Lizzie,Ferry,wilma0@timer.com
JEIP6BI64JKOIB5P,1996-07-20,Albertha,Kinney,tandynorman22906@scores.com
H9XQD2OLN0EB5RGB,2002-09-25,Kizzy,Maki,divina_saucedo616@mention.place
X7D8A5CULVU56GG4,1976-01-27,Austin,Desjardins,pete9@yahoo.com
JED0G86QSMMTCUXP,1986-01-29,Farrah,Mckeown,king0645@gmail.com
B6AQLVDGEMYJBNBN,1987-12-18,Sara,Maupin,jordan-gould4@gmail.com
8JP4LR4993Z6RO01,1999-04-02,Pamila,Bannister,kyong.chester@hotmail.com
0DX6FGLJO08VMB4Q,1998-01-29,Norberto,Sandoval,loria83905@hotmail.com
LD7P6MIASJ7P7USC,2021-08-17,Nohemi,Jaeger,aletha_blanchard4940@yahoo.com
QG4TJQ5VE60C5H1N,2000-04-09,Obdulia,Hardwick,teofila181@aid.com
TO5Q2J6A621AK67U,1988-07-10,Kraig,Murry,toi_moriarty@suspected.com
QQZX0GN7VRBO6HH6,1976-10-08,Cira,Pickett,clorinda.soria@um.com
YC1OYMT9ZDIDMJI2,1970-02-25,Alline,Underhill,ivory47@yahoo.com
X50FTPJFR51H1GBD,1996-12-23,Margit,Stevens,hanh1@gmail.com
2NAXEE4B3D2JVCCS,2019-07-13,Daniella,Matheny,petronila250@hotmail.com
BFDI1FGGGVPM4BSZ,1993-06-14,Marissa,Sills,rebecca08@hotmail.com
A19C1947ZK7IAJXL,2001-01-13,Zena,Keeney,nieves_ma013@yahoo.com
M0M194OXOQOIBK9K,2019-06-30,Alfonzo,Jackson,milissa-hopkins97@yahoo.com
ADK9G9IEYNDS155M,2019-06-06,Del,Southern,ellamobley88@academy.com
OKB1QN8FHIB0VSYQ,2004-01-07,Keren,Renner,chi-langford6@yahoo.com
MAMU03OQS1TEEJV2,2004-07-22,Karyn,Devito,wilfred-royer@gmail.com
ORGU2B25ZNIQT411,1988-09-13,Kacey,Oconner,cassi-legg@gmail.com
UVVP266999TJLJXB,2006-07-25,Calista,Stearns,giuseppina6@hotmail.com
P9M97X1NCC0XJ1H0,2017-09-11,Cheree,Batista,savanna9@committee.com
F8IF7K6G3QA6Q8CD,1991-02-11,Ester,Jacob,danyelle-nye-jacobs282@accompanying.com
C9GXL6L4B2RLC1L2,1990-02-28,Hee,Wooley,krista.devito-stamps@gmail.com
4L8D3Z4XQ2J5L6B0,2000-05-16,Peter,Cardwell,alison_broome1@gmail.com
3A3OUPXHDVBF2FDG,2002-12-22,Shaquana,Dunbar,kimihammer98419@gmail.com
R3SS598QO2GIVVB0,1993-12-27,Tawana,Flood,randal.kiser41524@hotmail.com
I4Q0VP7UGFCBNA1C,2015-12-30,Syble,Caswell,buster4098@hotmail.com
6QSQ1SJPQ6HM6IBQ,2016-03-05,Derick,Mckeown,torie0554@yahoo.com
VED9F0E2ODOOG440,2014-03-17,Ferdinand,Do,forrest81099@rf.com
PRBR2F6730J8Z6LH,2011-11-06,Chang,Tirado,tesshood@hotmail.com
69X1MJPAMESGEAJY,2008-07-18,Clarinda,Mcconnell,rochel.frame@hotmail.com
HCOGFGADGF4QFBDS,1977-10-19,Darron,Mendenhall,herlinda217@logos.com
PTUBCQO16UZMSF7F,2017-01-06,Ethelene,Gilliland,pauletta4226@realize.com
19D0PZY2UG9X40RY,2000-03-14,Giuseppina,Mcgowan,ashlea_browning@televisions.com
9X8XR218MC0JAQJN,1971-08-05,Annice,Whitman,roxie96@administrators.com
N2DPS0T88LLJYTU1,1989-05-03,Donny,Markham,meridith-lin@beyond.com
188FU75BKG5FYALQ,1992-11-11,Luigi,Ponder,mayra-steiner198@kitty.com
Z12HN5VYVC4TIHXU,1981-01-17,Paulita,Powers,arnoldo52@choice.com
JU2QBABPJXAAHAQY,1970-12-04,Jonnie,Davies,delpha.stuart855@yahoo.com
VMQMGNSRSUSQPYVK,2015-11-17,Lynda,Bigelow,larry94@gmail.com
QD1BNGDBM31R0V00,1975-10-12,Qiana,Ponce,ardath.chaffin@gmail.com
TAO6TXOHFNYHZUVR,1993-02-09,Lauran,Culp,lauran.dover86700@stolen.com
VU12BKQJGLRMSFD0,1986-09-01,Nona,Poland-Belton,moshe_dillard@senegal.com
VC35SHZYXZM8FKBV,2012-12-04,Juan,Martz,phyllis_kohler@gmail.com
F5COY92OTV77VT2K,2012-04-13,Gerard,Jordan,shanita7946@power.com
0JJK85UUD1RBIOLZ,1981-03-03,Kendall,Batten,karleen-bond48@packard.com
ZDQTA4GZ6N0YELGQ,2006-05-31,Chad,Kuykendall,mariann.mayo@lost.com
4MIQUXNADM9HRR1Z,2004-11-26,Lorraine,Mcgovern,dorine0@hotmail.com
0AQUN48JKS3IK0KP,2016-04-26,Masako,Hurtado,ramona4@fifty.com
N6U8ICNXK5L43U8N,1986-06-15,Burl,Trevino,boydackley@hotmail.com
8KXJ19G1QZ9G3YPC,2022-05-28,Yasmine,Huerta,josefinaham@send.com
K7NYRNGB4QQAGG9F,1993-01-26,Donovan,Mcinnis,nathanael.howes@yahoo.com
STOME6BMB2IHM2QM,1996-12-10,Christiane,Mendez,joshua-lovelace1047@gmail.com
5RF6QDPM0OJC536C,1997-09-08,Ronnie,Browder,wilhelmina9@yahoo.com
GZI947HM6OQL4NMJ,1986-05-07,Marge,Zielinski,noe-farr@hotmail.com
DLAQH6VQLCJHXKA0,2019-06-04,Carson,Escobedo,remona491@hotmail.com
YJ8I14RP1C1LQQMV,1982-01-17,Allena,Eaves,jenine5726@yahoo.com
BPSVRMT2T8BI3DHY,2019-02-15,Michal,Byers,haydee65@postcards.com
46PPFSQVY35MKRH1,2009-06-20,Stacee,Hagan,willodeanmendez1@tubes.com
HEEDTOMMKJPKFCV8,1998-01-07,Laurette,Bird,nonacarrera-davis14@hotmail.com
Q4NBCK709M2CSL0C,2003-11-30,Deangelo,Fry,philomena64317@hits.com
2ZAQ523JJRYR026E,2012-06-18,Ione,Gilley,margie.christiansen5@gmail.com
J112E4Z2DURBFH7B,2014-07-18,Neal,Freeman,randall.ennis@hotmail.com
1AP54MZ7BE55F65Y,1975-02-22,Donella,Glasgow,alessandra6@hotmail.com
PTQ8ZPONKX49027K,2015-01-09,Judy,Gleason,shalonda75415@honduras.school.na
94U1LSGPBO7E1CH1,2004-03-17,Audria,Vaught,agnus5080@differ.com
XMEBGAU8D6KRYZRI,1985-03-13,Sherie,Lacroix,bufordloftus3343@hotmail.com
6BF8EIOO7ZDQ06VN,1983-06-27,Betsey,Nesbitt,isobelcarlos@hotmail.com
5NCBSK0Q4T8ZAM2G,2005-03-25,Brook,Tanaka,nathanial7@hotmail.com
20Q8EQ2HK1K3VCYZ,2003-08-29,Gemma,Hogue,tasha2@gmail.com
430Z55K5P2KEPNLH,1978-10-29,Ralph,Trotter,lamarolivas@yahoo.com
LL0HND5MBLGQJEKZ,1976-05-29,Cecille,Sosa,ilana-beals8@gmail.com
AVR4ZY3FKKZALO4V,2011-07-30,Blanch,Thompson,alonso.redding@slot.com
E4RRYQBI7KVO5BJB,2005-09-22,Antonia,Matos,aliciaparry02@yahoo.com
LNA9QIFTNUGS5J4C,2016-12-26,Ta,Register,wynonafenwick-hammer042@hotmail.com
PRESXT1E6AAQV9VT,2018-04-27,Pauletta,Barth,machelle_phelps150@dl.claims
1UG0K8P45OQVCRQ3,2019-12-08,Charlette,Kimbrough,belkisbrowder9@yahoo.com
CG793EZKVQHOAJR7,2017-02-12,Noelle,Mccloud,mattiesnipes@hotmail.com
0Y1ZQ3HQPMKKJI4T,1998-10-31,Gertha,Batchelor,tommy.partin-wentworth@yahoo.com
U88NQIDPHT8L28U2,1981-08-11,Man,Owens,janelle_lang@rogers.com
NP2DAMP9VFZNEGYZ,1995-11-22,Giuseppina,Cho,nobuko.cobb@marker.com
Y7D2OGYS7EHTCC6F,1990-11-21,Gustavo,Rubin,hattie45916@applications.com
ZEMJ9TTQM4QG5VNC,2008-08-26,Anibal,Bliss,millicent.newkirk27143@cocktail.dyndns1.de
10L1PGNG1EVHOCRJ,2017-06-22,Jayme,Banks,maire_mcdonnell-steed0748@gmail.com
9GIMX6MGR5JXIB9Z,1982-08-27,Nell,Villasenor,hester.speight9@gmail.com
PEIGDXTXZU4SAHQR,2015-06-13,Amira,Hillard,fatimah666@yahoo.com
RVBNVPIUFAOQSX3R,2008-01-25,Corrinne,Portillo,amada88259@hotmail.com
XV2PAOPV5GQFLCLF,1978-01-07,Samuel,Mathis,jamison8608@utils.com
PBID08S8OGF0GV6T,1990-07-30,Elicia,Nevarez,kurtis-fairbanks41@readers.iyo.ehime.jp
7R8DE4QUO3SE5KHI,1996-12-12,Palmira,Haines,un53398@hotmail.com
0JTHHRND9IYX1GJM,2020-01-29,Evia,Valentin,emelia.barfield@gmail.com
4QNMM6XX3TTYL17S,1972-04-25,Rena,Levi,ruthe.poirier6165@basics.com
J68OYLA7ZR7GH49B,1978-04-09,Yvone,Rousseau,launa83478@hotmail.com
QANTRGBGVVY0N602,2011-04-06,Reagan,Withers,albertine_mcclure@yahoo.com
PV9NHIKTF74IO5PQ,1994-03-17,Hana,Goetz,jackie51948@yahoo.com
57QXSO2EPQREPFQD,1972-08-18,Corene,Roque,tressie.isaacson@gmail.com
DMZEZ92YNGDOUN1N,1990-01-31,Celestina,Mcdowell,alla3488@hotmail.com
F1Y2D61CQ8DR55R2,1981-05-31,Morgan,Cheung,leopoldo.place@informative.com
PUD2ICIEI1VHF94O,2001-07-23,Shasta,Mueller,lavondavalle7989@gmail.com
OBT01O07DR8NCLK7,2009-11-18,Cherlyn,Shinn,emil61@assistance.com
M6QG6TARPFZQ6J3S,2009-01-09,Miguelina,Whiting,jorge1@yahoo.com
P63KMYT00IV9M8NY,1972-12-13,Niki,Clemens,marlene_quigley8@mature.com
9VSCBE18YJHUT8VX,1991-01-29,Hilde,Graves,howard02726@yahoo.com
09BK2QMV16T6OABU,1994-06-11,Hae,Whyte,chana.gann6057@stanford.com
321BKSZN4ZXVXPGA,2020-03-10,Leah,Castillo,yongwampler8908@gross.com
PFUAR79QNMDACF6Y,1986-01-27,Francoise,Porterfield,gustavoescamilla5@vegetation.com
CP25Q5TNSZ8TZGX8,2007-07-28,Annette,Mccarter,hui.bentley83@vector.com
HV8F4O9OHLYDXQ37,2012-07-18,Kurtis,Beeson,merideth7337@yahoo.com
2ANF4LUSM71XRBUA,2021-10-11,Orville,Eaves,frederic_bedford@yahoo.com
40D4E56IR8V5MT2R,2016-08-08,Maurice,Niles,christian.barber65@currently.com
4QU78Q5EM4HTD3ZM,1985-03-09,Carmon,Hayden,burton3439@hotmail.com
B5GQSR6GRRHSNHPA,1991-10-23,Tempie,Lombard,oralee-schwab8@yahoo.com
2QYXFHHT6Q6C61HM,2006-11-25,Wilmer,Mcconnell,doretheastump703@hotmail.com
G44CXKTM2QJ2A8UA,2010-08-29,Nola,Mueller,shaniqua303@transformation.com
B71FX8MCGVIG5YV4,1977-12-11,Annalisa,Gabbard,leatrice-lamar@hotmail.com
3707HL9HGALQDKUT,1998-02-20,Cherri,Maynard,giuseppina_christ583@cleaners.katashina.gunma.jp
FQ6TJQBFBHEA2SLX,1975-04-09,Mardell,Trout,judiebear@computer.com
7Q9D53LFLH78ACNQ,2012-12-09,Dion,Foss,star_shepherd@vary.com
CHNVF5Q7O0B9NGZ4,1990-10-16,Crista,Bolling,juana822@democracy.com
Q7R7FCJ4VZJ00HU1,1997-12-30,Marget,Knapp,mollie8@gmail.com
8MAK8ZM2ZB44QN0H,1981-10-22,Claud,Needham,agustina019@yahoo.com
VTPD3N71HU5DRHS0,2020-07-09,Daine,Gillespie,hilario_michel04632@yahoo.com
DLFMEPHBONQTNO91,1971-10-09,Venita,Bunnell,britany5770@yahoo.com
O0ABJNQFQAFETRR5,2007-10-27,Tena,Beckwith,lynette_eckert@pregnant.ora.gunma.jp
TN2FX68G6TNVIBEY,2002-08-17,Luciano,Frantz,karren_byrnes@barrel.com
XQAAR4Y5G4Q22YD1,2007-01-31,Tonia,Starnes,abbey-skidmore9408@patient.lukow.pl
SZ1P8QBPGQKFDNYP,2019-06-09,Cristie,Cunningham-Gaytan,lianaangelo10738@hotmail.com
O33CYOEU4EHP2ART,1990-02-25,Seth,Dejesus,kelsi42@gmail.com
D44SDQJTIPUF6R6G,1973-10-25,Dominga,Goebel,denise0538@property.com
YZTQZZVMDRP75V5N,2013-03-29,Brain,Sayers-Bechtel,alesha044@certificates.com
C1I7I3X4ZCOUVMCL,2019-04-09,Verlene,Cortes,wade_morrow@port.lib.al.us
EX0735ZCLT9SDLKH,2018-04-09,Lisabeth,Purnell,concha474@jefferson.com
QJKAGKHT6LA1XTTM,2020-03-03,Raeann,Cody,maybell_shipman@gmail.com
R9TAD6MQQOOQ2GLJ,2006-01-30,Palma,Hulsey,mei.sommer@yahoo.com
CU5CM8D1PE4E2ZPK,1970-04-27,Jeffie,Longoria,zola141@drivers.com
DPU2ZSHHP6IQG836,1990-12-28,Suellen,Joiner,silvasomerville496@io.com
0HUL80GAU8PONAUM,2013-12-10,Shira,Ball-Peacock,chin45737@yahoo.com
F8J2XI1MGQZ0DRQ2,2009-08-24,Rebeca,Gagnon,keshia-velasco43635@emission.nagareyama.chiba.jp
QTS0JRM5RCS6NCUL,2021-04-21,Brittani,Binkley,frieda-trotter37@hotmail.com
Y872NNJ2GGLODSBA,1981-09-13,Bethanie,Kimbrough,demetrius680@gmail.com
YE34IDS55OJXTI0C,2008-09-04,Terresa,Orr,rosalba069@hotmail.com
E097V9SF2DH8ZNL4,1985-06-26,Jenifer,Salter,harland.bess926@sheffield.com
D32SVP263KUFZUZP,2016-09-03,Germaine,John,katheryn.lopez@hotmail.com
QQ4TNS1BHGH3YB9D,2008-03-26,Andree,Altman,monty.mullins2072@gmail.com
HST0BVM7LL5UOGAV,1974-01-28,Jacquelyne,Motley-Mccune,eddy49305@var.com
BAGGX5QVFY8AV9KQ,1980-11-21,Stephnie,Mayer,phung.singleton@deposits.com
E3Q3SDB9IKUV66RG,1988-11-12,Twanda,Dukes,roxann.schaffer63@hotmail.com
F6YQNJYYQFHKN4RO,2002-06-29,Myesha,Landrum,mimi-findley@yahoo.com
8HMZFQACR7QBJKG2,2014-02-11,Luise,Crowder,jospehwooldridge5@tradition.mil.qa
E5GXLYOGMJ3L96JV,1994-04-24,Jayne,Colby,ayako.bromley@news.com
LTQ494CI1RGZCMTR,1995-11-13,Silvia,Mattison,linsey9117@everyday.com
4BI5A3AY9E1046CF,1974-01-17,Emerald,Banda,shaneholguin9463@inn.cu
8CDOBVS85E5UQNZP,2007-10-21,Wendolyn,Salley,greg_simon@yahoo.com
NY0MEY07OKJYT5NH,2013-02-08,Alfredo,Barbee,elva_schafer698@registration.com
PKG4VPJ4A6PZS9AL,2009-03-27,An,Shirley-Carney,wes_harry@hotmail.com
7DL8OMVQQJH9THJQ,2005-01-06,Evan,Olivarez,jenelle5415@gmail.com
6M91CFRRHD1R4L8K,1982-09-17,Adele,Quinn,jenell581@loops.com
4SPB0HMXALJVESXB,2015-02-11,Kala,Leclair,darrick.fogarty45@cg.kongsberg.no
C20Y41H0ZOQPVXJO,1995-12-30,Ellamae,Mccants,oswaldo.matthew25@assembled.hinohara.tokyo.jp
8ORH4ZZISJADDALV,1999-12-11,Leonore,Rhoads,sherrie28735@gmail.com
UFODEQZVL0JL3FFZ,2017-02-18,Lanell,Byrnes,luigi140@boolean.com
3QCJYQECQQA92X0X,1998-11-26,Faustina,Sibley,emilio_buie7159@arcade.com
42N7QRJ38HSV8SVK,1987-06-19,Glinda,Zeigler,kandi518@gmail.com
QVB7L5A2D4P9SJCG,2016-09-16,Antony,Swope,tawnyabeeson@yahoo.com
TLQ77596ZQ6V35IP,1989-09-12,Sanjuana,Meyer,ming060@yahoo.com
7MLYPFO895Z16BVY,1990-04-29,Roman,Mckenna,rochel_elmore54@languages.mypep.link
RIUR6EAFMPPQL80U,1976-06-01,Lucas,Hamer,sanora716@yahoo.com
H6RS3N2RJD9PY4H7,1991-10-17,Norine,Delgado,rivkamuir@yahoo.com
Q3B47TP0O2F4N1B4,2007-02-22,Mariam,Story,daphnesabo90@tf.com
ZVM828GMBI1CTD9O,1975-04-14,Heidy,Rayford,tula01894@rob.com
JEX8JDDPB6J4XQKB,2006-10-30,Vonnie,Duarte,rosario-duffy34745@carlos.com
S34YMHJ8DPIRVNNX,1977-09-10,Sabra,Gossett,hermine.scarborough877@yahoo.com
7YR9A7FEAAUFF8QI,2014-04-09,Shameka,Foust,lien18258@gmail.com
CJQ6RPNQVZ4S7EBY,2014-04-22,Hershel,Scherer,suzan.newman29@gmail.com
5BTCRLRI332UQDJH,2016-03-28,Ralph,Archer,buena.huskey@fastest.cityeats
MRL5RTJL3HNI9GG4,2019-10-19,Shelli,Zimmer,shandi.starkey@std.com
YPB926KZ45Z6H3I3,2001-07-10,Amparo,Justice,nataliakohn@hotmail.com
TKF7XP8LXZRS5D9H,1989-06-04,Ronald,Caballero,tennie_jett589@hotmail.com
ES9QHE3XP1PJJJC3,2001-05-01,Denisse,Pelletier,beth.schaefer@hotmail.com
3439R5PK4BP21BUL,2022-01-17,Dino,Irby,olimpiawilhelm@empirical.com
613J1B1GO87PGQDC,1988-03-10,Raina,Caro,fernandestreet@yahoo.com
KUEV7I8YQJKK6SRH,1997-03-04,Rashad,Raines,bettie-valentin2@yahoo.com
NK0MHLEQLEL1JT4Q,1971-04-14,Porsha,Rios-Reaves,vance.casey67@landscape.gouv.ci
ZSMM7HNEF4FIRL3E,1986-03-05,Maryalice,Peel,autumn-burt5@hotmail.com
P7B2XOA1TK9C1ZLG,2022-05-07,Marylin,Ireland,trinidad7@yahoo.com
8J12JKYFGBR1PCU0,1983-10-29,Barrie,Mendoza,alena_zavala85@nature.com
8F861SZTX4Z4VXYP,2014-03-24,Nevada,Gould,araceli_riddle93210@guitar.com
5JJK0X1YY744C0BB,1974-02-19,Hildegarde,Elkins,libby.judge4@configurations.com
RPSAQF9L32VMLMGX,2011-07-13,Ena,Hamm,lillian-carnes2@gmail.com
UAETZZ0TLU5OQDB0,1994-08-24,Nerissa,Battles,mica-batson@bestsellers.com
C33BYOH3J2Q4I3P1,1976-08-02,Edda,Blanco,anika-gantt888@hotmail.com
M9I272MS0FYNBZ9H,1989-03-18,Georgianne,Squires,marcelino8@hotmail.com
T81VCSNQV12YRLPF,2012-03-09,September,Gaffney,silas94646@beverage.com
3PDVDKK2I1AUUS1Q,1981-08-18,Sonia,Love,minerva318@tube.yoshino.nara.jp
R84JZX5SBQK6DA3F,1980-09-17,Shenna,Butterfield,keeley.cohn04@councils.hotel.tz
BRNONM2JMXZYNFZA,2001-03-02,Janell,Webb,olympia.shafer20@many.com
2ZCZM66G4AIJ6VMF,2004-04-16,Johnson,Clement-Goble,rebbecca_chisholm375@hotmail.com
88KPEZ42RS8P1MKB,1998-10-06,Miles,Rooney,gene_holloman-crisp43@gmail.com
BGISQ0MXBN5TBQAR,2009-10-09,Tamatha,Rivero,rachell.royal9@shopper.capitalone
8ZGAN9Q03X2YGB0D,1993-03-28,Hope,Beaudry,lynwood-swafford@gmail.com
8EZU4VZBLFAMSZMR,1979-10-30,Geraldo,Gladney,korey903@hotmail.com
2R33ZCIZ3VVU7ALL,2009-05-12,Alita,Haskins,adrien55@hotmail.com
FVATF04KZBXN8U9T,1987-04-26,Fidel,Soriano,saltrombley7@electron.com
BGN1GTOFO2IH0O6P,1988-01-01,Ophelia,Wilke,dara_francois@waiting.gwangju.kr
7ET65P7Q4Q00X6QN,1972-09-02,Jeneva,Drayton,andria.masterson28865@void.com
DMQMMFXV512D124M,1977-03-12,Precious,Higginbotham,nola.ashe43213@stand.com
MPG85XTJ2QFOQ43L,1980-02-20,Regenia,Felix,kristynpartin@generate.com
N7QLQI3NB5NU87F1,2003-06-13,Faye,Vail,stanley58@gmail.com
FLPUG94TJ2DXQC9H,1974-04-01,Noriko,Graves,caridadgerber5@hotmail.com
N1UQRSS70BMNTRDT,1991-02-18,Mireya,Vanhorn,nola9@used.toya.hokkaido.jp
C3B78JIDXTBP23H4,2017-01-11,Wilhemina,Starnes,jeanenecummins@placed.sayama.osaka.jp
U4VGD6OFUKLLDBUX,1980-02-07,Rosette,Beaman,genaro32@gmail.com
6P0A68JQF3BGJH87,2016-01-05,Kristi,Gearhart,latrice21@spectrum.com
SZJH8UY5QK2BOQP6,2006-09-22,Alyce,Stafford,louann77035@indiana.gov.sh
RHX00OH4QYN7H7QK,2008-02-28,Kimberlee,East,jannie.sigmon96@baskets.com
H2XB542LMU95YZ2I,1978-08-07,Keturah,Martins,kizzie-palma@clarke.com
5Y7U57QHA8EG2XL8,2004-11-23,Jodee,Tong,avelina_doan948@gmail.com
VLA28PNU6JC1Q44Q,2005-05-10,Estell,Mayfield,roberta6805@gospel.com
0L46RFF2NUDQYAIY,1977-09-17,Lizzie,Welsh,nery-cromwell@yahoo.com
8AQOJC3M5U992HTZ,2009-11-20,Elba,Lamontagne,natisha0@yahoo.com
1PVRJ86QNINAOHZO,1983-03-18,Love,Quinn,izetta_han56936@movie.com
D4MSQYKV72C5Q7E9,1994-07-21,Oscar,Schmid,jennie.gleason@yahoo.com
KF073B873EO7YFCV,1976-04-02,Despina,Fugate,wendolyn.nealy039@hotmail.com
QUAZP8R95M8TBECS,2003-04-08,Agripina,West,sal_davenport87@magnet.com
RKG6VSIB2L1DB1TE,2013-10-13,Kacie,Chamberlain,berryhollis97532@yahoo.com
935LLU06XK0J7D3K,2013-07-15,Vita,Alonzo,donnell_strong85@reset.com
8HMOF9N8XG6MYOXI,2011-09-08,Tonette,Rowe,davisholloman@chairman.klæbu.no
D7LMXVYUIU02Q5GG,2017-04-23,Shawnta,Mata-Fite,amberbeckett@discretion.com
RQ8SYB8CAJ5ZU6TE,2008-11-22,Ken,Kauffman,kathey6@tours.com
ZCFIC3AY1XSCH5E6,1981-09-09,Isis,Barker,beverley_caro@gmail.com
FG05TSAJGVDYXQXR,1993-09-10,Felix,Urbina,aurelio_delaney@powerseller.com
3BQRX9NGVCRP98UP,1998-12-22,Minerva,Cady,jessia083@installed.com
45IKSQ0O2NSKDL3C,1984-02-13,Hertha,Flanagan,rubin350@yahoo.com
88UOKJUE93P24YPX,2017-10-06,Lawana,Ketchum,nedra-popp-sharpe0331@gmail.com
6NPTB82JRV7L4RAU,2000-07-06,Shakia,Farrar-Desimone,ouida-pinkerton243@designated.com
CEAPTLN6R9YR8AJ8,1996-07-30,Nery,Chitwood,sulema33505@calvin.com
KYE2QBOGBUXQQHZ1,2021-11-05,Mathilda,Ortega,stacie-daugherty379@gmail.com
4VNLQK3RPH59RQMU,2014-04-27,Tiara,Means,unwoodruff@oak.com
5X58XS86P2HKTCQX,1977-08-22,Lyla,Sweet,sal7400@reaction.com
CQIGH33XMR4LJ1KJ,1996-10-23,Chieko,Lytle,terry_keck@gmail.com
SBS2B7FEMXQZLBHF,1984-02-29,Dino,Conroy,bradford.frey@hotmail.com
9PLR7OQGN2E4Q8NB,2017-03-13,Brigida,Bello,charlesetta_mahon05@hotmail.com
9M806EL1XBSJAV0A,2021-05-28,Theola,Wade,cassidy-magee@yahoo.com
EN7UQQA40PQAQGI4,1990-12-03,Rickie,Pena,barrett84762@gmail.com
A69QHJCQR1VTDODT,2010-08-12,Nelly,Baptiste,alfonso62@branches.com
R8IAJR5RL6YU5ITZ,1997-09-17,Marshall,Coons,stephane874@math.дети
QHBG77I9NR7QSXTB,1986-11-08,Caryn,Weinstein,trudiegallardo9@hotmail.com
CFR9N8YJN9AJUZEP,1980-03-13,Camila,Devries,orville3@peeing.com
FYCZV75MS5130RS5,2002-07-31,Ronna,Beauchamp,delia7760@norman.takahata.yamagata.jp
2BHTR74KTRJSHL69,1976-05-19,Maryam,Viera,keesha.wester-fenner660@fellowship.com
40KK83FEA7IVUC8M,1986-04-03,Kathy,Storm,queenie663@authentic.com
V87CGR3N95CBNPLQ,2003-11-10,Elane,Warren,marvisbottoms5@drum.com
17DLAT3PDKQGFMIV,1972-02-23,Libbie,Regalado,buffyhwang70967@coastal.com
OBYPJ40ZNE3G1DA4,2004-10-31,Malika,Witherspoon,debra_wilson@hotmail.com
8DJ6BRN637G8JZJ6,1980-02-17,Karine,Fitts,romeo9@processors.air-traffic-control.aero
HJHCFPKNKPQ6NFJK,2007-08-13,An,Stephenson,ursula29101@yahoo.com
Y0G5Q1NY1TK8GRB8,2021-06-22,Claudie,Mata,katia_boyce54517@frontier.com
RYAIQGM2KQ7SGDP4,1977-07-01,Latrisha,Mcdade,iraidaborrego11@yahoo.com
KRQCHC2PXN5J019C,1974-07-27,See,Baldwin-Land,jeanninezamora86@gmail.com
YP7E0D7DUKBRPFGM,1974-02-24,Rebbeca,Blaylock,erikarucker2@warranty.com
V2GUKUXMU7R16C4S,2022-08-10,Pierre,Thomsen,lauretta_rosales5817@gmail.com
DYG0EYQK3YMZRLUF,2005-11-26,Freddy,Dowd,tommye.flagg29@blast.com
OJMCST79EK24S3DI,1985-10-20,Jarred,Beaman,rudolph_cummins42476@cu.com
2DCV5YYVBXY6AL5J,1979-08-16,Terry,Montero,amparo12670@yahoo.com
MD8YXEO84IA38H4T,2011-06-26,Thuy,Andre,digna78915@xhtml.usantiques.museum
G5ODEHMCIPP05Q2H,2007-07-14,Carlton,Fulmer,dinahstoner@tool.insurance.aero
4HR62Q49HL7D2FC9,2001-05-13,Phil,Null-Wasson,kristan_dick@hotmail.com
MZJ04OLVSP9QGUXR,1970-05-15,Amee,Bess,josephinaspriggs0@hotmail.com
57AA8TAIXE8D35PQ,1996-03-24,Lorretta,Overton,ronidominquez@immigrants.com
E9QMGYR3INIF4QBJ,2011-05-15,Carline,Martz,ike-shrader-coy631@lifetime.com
6TKGNAA73OZ1H956,2022-10-28,Harris,Mccool,robt8@alter.com
4409344K8Q5CFJ02,2002-08-26,Cecille,Durr,melodee-trimble6123@legendary.badaddja.no
QARC8OJ5OET7EGAD,2004-12-20,Delma,Floyd-Snell,berry79@lafayette.com
VFA5C6Y49AP6BM76,1974-05-14,Romona,Lindsay,roberta.roush@hotmail.com
8KUKMOIVMF6VJE5U,1976-03-26,Terence,Nation,rusty70658@hotmail.com
X5RI3PJ535HH1201,1995-05-13,Mariko,Bustos,meta68612@entry.ايران
65XHBCX9Z93L82FU,1998-04-05,Pasquale,Crider,arie98@launched.com
T3LIEL71L8PSVRS4,1974-03-24,Coral,Sun,timothy_worden1078@hotmail.com
QFVQREUIZAAQCDE9,1977-07-17,Adriana,Place,carla_herman50694@yahoo.com
44ZBQ52Y6RLGT5HJ,1982-05-29,Mariko,Camacho,jewell08997@gmail.com
E4DNXMDALGAREMGK,1971-12-04,Caterina,Fitts,jeanetta97@hotmail.com
RKV8J1OKM0LX95OM,1979-10-23,Ruthe,Choate,tessa_clegg@advisory.com
5ETQENF5ES2MP9DQ,1985-11-22,Paulene,Steinberg,yajaira-tejeda@chem.com
ZI7CGG1YTTB3PE5U,1983-10-17,Hortencia,Maggard,edgardo_cota@malta.tickets
KUMZB0TUO6OKNZUO,1974-10-30,Blondell,Waters,clelia_simonson@iowa.com
44YIEKH04FY9QYQT,2006-10-30,Marilu,Cecil,felipe-keeler8431@gmail.com
06SIXNZV2RMVRFVQ,2012-07-31,Thomasine,Boling,rosemary1774@hotmail.com
VZ5XYBLMFIACBLKG,2019-11-12,Denny,Barclay,loralee49@chef.com
4ZLAB8J2GVPQQRIO,1971-06-30,Rosa,Jameson,ramon0697@cradle.com
GSZ3TXF6XX4UFL0V,2000-06-05,Hilde,Seiler,diedremcduffie20387@gmail.com
K6IA2SGBM6GVE4UM,1977-05-21,Myriam,Soto,danita.mccaffrey@gmail.com
VGO0A2PBHLLY550Z,2012-01-12,Morgan,Madera,margarita-ashby@require.isehara.kanagawa.jp
UBQBCXOGDXGF6CXM,1991-07-11,Ouida,Cagle,salbird5787@hotmail.com
ANAVL5YRUK38GNDH,1981-03-15,Queen,Garay-Ledford,tennie-brandt-ashley02390@broader.com
Y4EEESRQO4904HK4,1978-06-15,Tisa,Tomlin,kena.conte29587@useful.go.tj
MGRD4LED67Z39LF0,1992-10-29,Sherri,Werner,glenna.rosen@gmail.com
DS8QSI5QIFQNBSC1,1972-08-09,Hilary,Dutton,lena.sturgill@hotmail.com
V9K8TM0SVOFIJMOX,1985-06-12,Loree,Hatcher,karleenruiz25747@diesel.com
HY3XBNA7329OHIPM,1971-02-07,Hee,Gallo,sylvia_winslow820@hotmail.com
60DHZKCU5CGQ21B1,2001-07-30,Paris,Thorton,tressa_carrillo@bangkok.org.ac
CVJA0YXF3080FO1X,1972-07-11,Kamala,Parks,margheritamccorkle2119@epic.com
12Q37TZZSMGBUAE0,2020-12-19,Josefina,Cabral,patrica01961@added.com
TQ5G75X71I8O25XV,2011-03-06,Gaynelle,Gearhart,ria22481@hotmail.com
OE23YHRGC8UZA4Q7,1987-11-26,Keven,Dawkins,lise.mcgowan38@hotmail.com
ZILIEHHOQYQRDYPR,1994-06-29,Bebe,Heredia,georgeann9998@manually.com
FBLI07CPDUIQOI3F,1985-06-17,Theron,Guess,royal899@yahoo.com
95OBPDUKLV3VAXTY,1990-09-03,Laurinda,Faulkner,ching-almeida@choir.com
QQO6MGCY12NVN35E,1980-07-04,Renetta,Martino,helen_pulliam@gmail.com
Q79LVJ89GVVKV1HL,1988-10-19,Willodean,Busch,mari1@lf.com
5V579EQ8XRGFPKXY,1982-01-12,Mariann,Burdette,marielle.zepeda@hotmail.com
2POGN061OB2YOY0K,2015-04-09,Doria,Blanks,carltonhardin@defining.express.aero
UZFQL3YQD9H92F9D,2022-02-20,Anthony,Alba,nell1559@syndication.com
TH8U2QGTUA4XUR6U,1995-10-27,Terrance,Honeycutt,clarenceconn@position.com
PMQBIJ275CCQA45U,1989-01-09,Sheldon,Hobson,dominick_mccain81@rats.com
VIQXDDLZ1NVJYTOH,1994-07-14,Cassie,Vieira,rosalia7@yahoo.com
17VXUNUVZ1L6OEVJ,2007-03-25,Bong,Perez,tammie.billingsley8520@te.com
FP8RHS83BJT3QLNC,1986-02-05,Maxie,Helm,melvin_cupp@gmail.com
VZMQ2S8TLDUFIKLU,2014-04-25,Maira,Keefe,philomena15@gmail.com
PG6GG32QVZVHC3SP,2022-02-10,Meri,Whipple,rob.german@hotmail.com
USCC4QYNP7GT8I6O,2021-05-19,Hsiu,Kitchens,tiffinywallace@meanwhile.com
ANC3O8NUD3OZZ5J8,1996-02-08,Many,Skeen,aundrea.talbott5@yahoo.com
3RRIP5XQQM9YL687,2013-01-01,Todd,Griffis,natividad-pedroza@yahoo.com
2RQ1Z44AOYQK6C9Z,1988-02-13,Shanti,Dumont,mildredcornish3193@tags.cu
6B1LZK41UNKK2SQM,1993-08-10,Carolin,Hedgepeth,pattie.rutter@zum.com
ZS58IBUBSZ0JH4ZQ,2020-12-03,Lloyd,Lance,julee.westfall5@yahoo.com
2EKR83F211IJTF12,1980-03-23,Tawanda,Mooney,mikki_boatwright50@math.com
IHLJFDF56T7Q2LA8,2017-03-01,Nelia,Prieto,johnny_paterson96769@ata.com
4C7QJQ1XZOQLZSRQ,1986-04-13,Zetta,Stroud,twanna.wiseman@yahoo.com
TDJQX5PRJEH1R9V9,1970-10-22,Jerome,Cheatham,prince-bagwell@yahoo.com
EOPQ26SHQ9QQMHX1,1997-07-08,Trudy,Levin,antwan.wyman24764@hotmail.com
2EQ6CVK81SND0DUO,1993-06-20,Caterina,Salley,vernell-marrero@gmail.com
4CY1NYBUTXJLZ9YS,2006-10-12,Emilie,Tillery,kym7@retro.com
PZL1G0RRCR1F1R6L,1992-08-30,Lou,Doss,omer-dumont1@edmonton.com
0CNCEVKKGLEQF4CJ,1984-12-24,September,Ethridge,sheilah832@yahoo.com
L42REVLCTR24EGY6,2009-02-06,Heidi,Major,krystingeary@soviet.com
9N4SUEAEEDGMAMQ2,2013-02-14,Audria,Inman,leopoldo-fowler4628@serial.lviv.ua
2SZ66DARGOH11X4A,2007-08-22,Amy,Sheppard,lina88182@impact.blogspot.co.il
KB1PCBANLZ416VZS,1972-06-19,Luvenia,Vogel,hye866@gmail.com
RXH9SLSTYOKX85BM,2017-05-03,Tomiko,Waddell,glady16@roger.com
1LDM42G4VMMQPK66,1982-06-30,Eliz,Roderick,maynardirwin17706@yahoo.com
69TPI54MEDA3G58K,1988-10-24,Julienne,Saul,zandra-rubin1467@prot.com
54ZB0N7TGZBHQM2J,1974-01-08,Jermaine,Wortham,rex-melendez1@equal.hashimoto.wakayama.jp
UV07UY0ZC7H2JLQ1,1981-03-04,Jayme,Browning,hanawolcott@yahoo.com
FD03JT3ELDFFKKIL,2017-02-12,Krissy,Peters,marcelo.booker20604@interested.com
I9J0NPXHX4CHRQY4,1983-11-12,Aaron,Bayne,julietta0104@evaluating.com
G5VY73D0Q76H3YQN,2006-01-25,Vita,Quillen,hannah41987@yahoo.com
48925SJJTD45HHRO,1980-05-08,Neda,Schell,brad4958@yahoo.com
CBN2T73Y4653E2M1,1979-05-25,Marilynn,Hook,alysha_garland@gmail.com
TZ7X45QKN9E7GTXZ,2003-03-07,Kurt,Castellanos,colbyway2@monitors.blogspot.ca
OG7CGC4JR8QUGHBU,1972-07-21,Florencia,Caraway,alanna6471@shortcuts.com
XBKYBDRS4TC4UKQI,1983-08-24,Marlin,Reeder,delois3240@documents.com
ENDX6QTVQE6ZQ6MQ,1992-02-28,Aliza,Marin,hattie43@brave.com
OVOSNN4GIRO372U1,2001-04-27,Kiley,Abernathy,velvet_hamlin-hinds@hotmail.com
NZT52YKT7RP1SQDX,1980-01-30,Jannette,Hair,laurenehansen94035@brutal.com
TOX90O56QM2ILDA8,2001-11-01,Lou,Theriot,ferdinand-noland2@summer.zt.ua
Y4RV6DX89IXZ3TUE,2022-04-12,Bradly,Zavala,stefanie149@gmail.com
TGL3QSEG75UEJ2QK,2015-01-11,Mariano,Williford,lorina_devito@entering.com
PRDBREIA228IES6H,2004-09-29,Vera,Brittain,philomena_nolen@buried.com
QTQKRHE6L0YQ54MA,1973-02-14,Mattie,Hughey,alysa348@gmail.com
13NHFXFVRD8QVTVN,1996-02-24,Eura,Givens,nicholedye1@gmail.com
9JOFLRC8BR4UCLI2,1976-10-29,Susan,Wilbanks,edmundo9@gmail.com
UIGRDCPZ8PPDU3B2,1970-10-15,Kimberlie,Rock,alisha-roe899@budget.com
XCHTDHE4XQVCJ7I4,2018-08-14,Bettyann,Lawson-Reagan,lorriane_ivy5@money.com
2Y5EPKV4SHJ5CQVO,2008-10-26,Katlyn,Graf,rey.crutchfield972@yahoo.com
BRH3EZU2TUOCXU8P,2005-12-23,Scot,Browning,joan-freeman@yahoo.com
6NKDSQI9HA8ZJ49U,1971-04-06,Mickie,Hays,manie5@yahoo.com
5ULK9Q2849MAED74,2020-04-02,Tillie,Mcdonough,noreen-rohde24@seekers.com
0LA63QP6QO6YO9OZ,1992-02-26,Rina,Hutchens,charis.barnett63234@hose.com
15CNAES0CRS58B61,2004-05-14,Fairy,Harvey-Crowe,marissa-cruse4@du.com
K34XO7Q20U56Z9AX,1991-02-28,Malika,Maas,elois478@freedom.com
G3U0XAQYRX4NGKZ1,2008-12-22,Alfonzo,Castellanos,grayce5@pixels.com
IRNRJ7TECCPT3HJI,1977-01-21,Selena,Blanton,nanci65@harm.com
47FJQSNCQDRUC774,1972-08-07,Tessie,Logue,nu-fogg1656@yahoo.com
DUJ7DRV2QQO2AAJU,1984-07-21,Christena,Barkley,tondareynoso71295@custody.com
HZG21777NJ4TYEXC,1972-07-10,Yolande,Smithson,fredericastrader@gmail.com
454LBHHUQRL595LK,1997-12-13,Lon,Kirby,jacinta-fisher@yahoo.com
J4HQDDSSNIBZ4O9J,1989-10-15,Johnna,Olvera,nichole8@ur.com
RC6D6KY5JBA1MMIN,2017-07-01,Millicent,Edgar,jamee-outlaw@hotmail.com
NDKNXQ0MRJ5ZLUK8,2022-11-23,Angele,Boyles,cindy.dorsey4749@hotmail.com
AAQ074DEZX5T0YGB,1976-10-27,Allegra,Mcwilliams,roni808@hotmail.com
UD7TPJGA2BEDK1ZY,2007-01-09,Penelope,Morehead,adriana_kim793@gnome.com
1NNAS7ESNQS7PI6H,1987-07-06,Tiffanie,Griffith,dorian_lovett724@hotmail.com
QCD09OXLCKIZ02NP,2013-03-12,Dawne,Mena,kathrin84@argentina.com
Z5OH341ZDJ10QD1D,1977-07-08,Leah,Beals,tanya.thomason2276@hotmail.com
BZ121CBEMIBAUG4E,1984-12-30,Philomena,Ortega,melodi15@trap.com
ZEBJ3V1JPTXXVPZE,1978-07-20,Emmett,Shumate,kera92085@employee.com
MGB1ECMQ7TSKZOEO,2013-05-11,Shantay,Loper,kenyatta978@gmail.com
PFFS1NQHREQMEY6X,2011-11-28,Yen,Gill,leroy73@changes.com
F59LPD9G5FBO13OM,2018-07-21,Derick,Mcgowan,chungarcia@newfoundland.com
KJ16S5IO1CD35B8G,1971-01-03,Louie,Parra,ismael-rocha@leisure.com
A7NI8PK2YIPE9FSO,1999-11-23,Karina,Lerner,marissa7@gloves.applinzi.com
22KMZ5T8YV76B8UP,1995-12-11,Kesha,Pruitt,rolande_golding49750@hotmail.com
7QHCG1GB0PR9Q2A4,2016-06-12,Scott,Esquivel-Frazer,sharri12@racing.marche.it
52JPJHN8AJFF56ZE,2006-04-17,Judie,Pennington,reiko67267@hotmail.com
QQMT7OL63MGDOB71,1988-08-02,Carline,Cordero,gema58@enhancing.com
4VIBFUZ51XG77NPQ,1992-09-01,Lavone,Sandlin,allyson-rucker@hotmail.com
F1L398E2Q177FUU2,1995-12-23,Daisy,Mcmillen,santomartens4@yahoo.com
7XMOV1OFL492CXG7,1998-03-18,Wava,Wells,eileen1@understanding.com
Q5QKZQKP4QAPXD53,1997-01-26,Christiane,Frye,marceneshaw@yahoo.com
BBFQ692UY58DG03C,2013-12-24,Margarita,Borges,tiffiny534@gmail.com
CKGBU7S2OEYA3A5S,2019-10-12,Paola,Hutchinson,magnolia176@gmail.com
SV8NFF1RTA0XFKS0,1995-09-09,Agustin,Donahue,antonia.weis@earlier.com
1RBH9I7T9H1ODME7,1995-08-14,Keeley,Espinal,zetta-luis07@yahoo.com
J7SMAQYTZNZD20AB,1984-10-31,Andre,Sepulveda,andre_sauer314@powerseller.com
53M5I4FRVSTZ2RGT,2010-10-18,Maxwell,Chavez,dahlia0655@gmail.com
0HSGKRQ6K3P1AOES,1980-11-20,Julieta,Paterson,crystle-higdon267@yahoo.com
9LIXE1DKECEQBXV0,1997-11-09,Chan,Ransom,marget.stevens2@yahoo.com
Z6B1HYBLNH58QFL1,2020-11-05,Bernita,Riggs,erica-do4228@a.froya.no
5H0JVSZ4Z59BC9D5,1971-03-24,Eunice,Parker,kazuko885@hotmail.com
4DQR8UQM6V0ICRQX,1983-09-24,Sadie,Ainsworth,archie568@hotmail.com
Z0D0PE3ZXTQHX9UQ,1981-01-06,Tiny,Bayer,graigfreed@gmail.com
BEMF5TSRKGBI5SJQ,2021-03-03,Len,Magnuson,denny140@preference.com
T4Q85U09OYB5EMZE,1972-02-06,Moriah,Townes,gaston4257@apply.com
LUNXJQM2CNOQZCZ1,1982-05-12,Catherine,Sowers-Lomax,latina-orr3340@smile.com
ERESN3G79X6HJTT1,2006-06-02,Cherie,Chaffin-Laplante,merle_nealy@southern.com
K3LYVE43IG18326Q,1993-12-12,Trish,Brill,rita-easley23172@yahoo.com
CMEGA4LQ4QAFBZQT,1974-10-02,Bebe,Bird,aurea_carrillo627@crime.com
CQR2N7I3KRPAXLTU,1991-12-16,Mercy,Reuter,sharee-grisham@yahoo.com
1QN7VQDU67GJTP07,2016-06-22,Ronni,Goble,les_velasquez@arts.com
KFA7PE44EQR4O1TY,1997-08-30,Alva,Norfleet,cedrickmcgriff@telephone.com
EDNQRHSIA432E111,2005-10-15,Al,Easton-Goebel,johnna_iverson@hotmail.com
7PF3E30LO9ORERER,1979-08-25,Julius,Cutler-Collette,idella8760@yahoo.com
VAIG3AHFA2LA623G,1998-11-27,Kassandra,Brady,nichol.crooks48078@hotmail.com
JNSBVC2DSE0G9T1X,1979-01-10,Kitty,Simon,kelli7884@hotmail.com
8X6Z1J8UT3Q1AQ4O,2010-04-02,Randi,Wesley,krystina42@yahoo.com
ONG5C4Q96UIJJTNY,2001-04-18,Madalene,Archer,armando-teeter@hotmail.com
8GG2FHA1B261I6JJ,1977-05-20,Manuela,Caskey,coreyahrens-velasco@cloud.com
NNS1LV40NI2XTXI5,1990-04-05,Dianne,Richardson,laureturley618@ate.llc
5CU4J1YZOFEASJTT,1987-03-13,Charlotte,Chinn,tonie_mcwhorter@ix.com
G345KBCZB12NHC59,2002-04-24,Tatum,Hamel,liliaearl@orange.com
1M3NSM58020QR6OF,1979-05-21,Rachal,Rosser,annamarie814@yahoo.com
IDG1YINHSB9AK4TE,2022-02-27,Sonny,Mayhew,elbert47906@yahoo.com
QPXRIRV5VBR75C7Z,2009-11-18,Shannon,Briscoe,dorla30@reached.com
39R169KJQ79VQ96Z,2004-07-24,Gwen,Boehm-Rosario,deborah.tallent@gun.rovigo.it
J7JEFBLYYP29CPJK,2013-06-11,Charlena,Stinnett,maurasaucier@reality.com
5ZXSKP3F6DG2ANXT,2020-11-02,Danae,Frizzell,marylee426@yahoo.com
M736VG7V2XLXJDE7,2004-11-28,Jin,Van,milford.cherry61@soc.com
2000ZBFBH7FE1LVM,2020-12-03,Kathline,Tanner,shirl.donohue@interpretation.com
7Y2R9OHG87A1TF2L,2022-01-13,Paz,Snider,parkerfuentes2902@politics.com
J2PFV1ZNYN04LN5H,2002-09-13,Sean,Gilmore,deann_bollinger0686@hotmail.com
8V5KECK19GKDFF8V,1973-05-24,Deedra,Heath,cherylcarlson5115@why.com
IRSUQRKV6SE09K6Z,1988-12-21,Judson,Hairston,ruthie_speer544@yahoo.com
QEVU5QFQAOP95FA1,2000-12-13,Zenia,Freese,rasheeda-richey@welcome.edu.krd
S2QR2VB0JHG45SA7,1990-07-18,Gwyneth,Heck-Tilton,shawanna_chu1@hotmail.com
G0O71A5STT4VRYLB,2011-11-03,Florance,Bratton,celestine39@gmail.com
4F15FKLQ58866NVF,2008-01-15,Alica,Beebe,chung22@hotmail.com
VL4UV0DA0LTGSXGU,2014-09-14,Paul,Gibson,alexis-mayhew4@hotmail.com
3KKAHKAIJENPMHRU,2002-10-31,Lavonia,Barrera,wilbur-funk@ability.com
3QQCE1XB9QXR9M11,1993-03-06,Aldo,Witte-Lindley,cliffsavoy2176@yahoo.com
9RHGNZARQOOT4XOG,1990-07-01,Bobbie,Teel,rodrick_beltran-wren@hotmail.com
9AG6ELPTY7T7TO79,2006-09-17,Olin,Mayo,nadia6@manufacturer.natural.bo
LN0UQOB8LQLXVZAT,1983-06-24,Lavon,Chiu,tameraconn9946@gmail.com
JU8Z3VUIOKB6FH1M,1981-09-11,Kazuko,Mccreary-Gunter,evelyne_mcclintock086@gmail.com
DCSSL60AOFV6KNL4,2005-05-22,Len,Hargrave,abram57153@seq.com
URLSDNPB5HRGRX46,2013-05-07,Kylee,Stapleton,salina_whitney@iv.com
3V2MAPQ6LGIH9YFQ,2001-01-27,Sabra,Treat,marquita-jarman@yahoo.com
ZQDQ4R9BS6F685FY,1983-03-21,Norris,Osburn,lucina760@authentic.com
6XUP8TEDGH2ZHI8K,1976-05-15,Sylvia,Wood,yen4@nonprofit.com
VVKE2LC8G0E76M4T,2009-11-05,Florene,Farris,elia_spann30@gmail.com
00Q59LHHI6Z2BCJ5,2015-12-23,Hortensia,Tribble,carmelo2721@yahoo.com
EUTQQ2XXQDQYA8DY,1989-06-13,Rheba,Schoonover,thurman-lieberman734@hotmail.com
X6XKTDSFLJX2AJ02,1984-04-07,Kortney,Hillman,lizzie84454@yahoo.com
142CH0AEMAKIISVH,1982-05-21,Joanie,Shuler,clarence-duff8332@reliability.com
FLREAJ0MCEVA7CT5,1982-03-08,Katlyn,Potter,evonnelash35@instructors.com
R3IFXDURT4RD4Y49,1988-07-21,Annalee,Begay,bobbie-newsom83795@yahoo.com
DIH1L88TAVGIBNN0,2000-05-25,Archie,Fritz-Cardona,teishamaestas@shuttle.com
26290E594VHVJ2Q6,1991-02-02,Trinidad,Jankowski,rosann_gable539@hotmail.com
OC326HBCPMDMRV1F,2007-03-06,Pedro,Harless,maryanna.melvin93@department.com
5L8REU2FY3AJP4S3,1978-05-07,Louanne,Barksdale,glen_springer7@yahoo.com
S07HV2B46Y1UZZXD,2017-11-17,Nada,Heard,assuntalong-ott@yahoo.com
SUNRBTDJGY9Q723Y,2019-07-03,Denyse,Jobe,brigitte.lay@gmail.com
218DTQHTO877OHP8,1987-04-10,Ladonna,Fannin,micheline.walling35857@possess.com
3Z4TSAKSC6P11RL9,2009-11-01,Allen,Carnes,ezequiel.hollis067@gmail.com
DIP959OD3ODHQFQE,1983-03-21,Antionette,Dickens,branden-mcwilliams-lindberg@chubby.fetsund.no
BUXYZTDB68APY8ZF,2007-04-07,Alix,Loya,jutta551@hopes.com
Q354LIMX17K13K4C,1974-10-19,Indira,Dailey,isidra40363@tissue.com
G2RADB6MLG4ZDPA2,1981-07-10,Ariane,Whalen-Loftus,karenvillalobos@hotmail.com
TOHHVB5V780H5PMR,1995-12-09,Lauryn,Horning,cathy3@hotmail.com
M01XYPEUDG4HE932,1970-09-01,Teressa,Ketchum,renda62353@lounge.com
ILCHQTFQR434GMKQ,1985-08-24,Wilton,Bostic,lia_frierson9@hotmail.com
3QA46KCK166C6TIR,1976-03-07,Casandra,Conger,jamison.weir-reynoso28@hotmail.com
H80OPGNGR5ZE3UL9,2017-04-07,Leisa,Montanez,katheleen.keegan@yahoo.com
X3J4Z9HPKMV24U1U,1989-02-22,Lyda,Sherman,celenahull@weddings.com
V4OEE11NO52NX10Q,2012-01-22,Tenesha,Chapin,remedios325@yahoo.com
SM6ZZAC5MKQAXFOR,2002-02-03,Rafael,Staley-Workman,india-putman@bare.com
KBBDSZQSDQXXS0SL,1990-12-22,Maricela,Mcclung,anderson1@next.com
ARAAXX0VNK3MTO7V,1991-08-12,Gearldine,Knowles,daysi-dupont01409@autos.com
CKF7PXC38AJJCNX9,2002-12-05,Noe,Muniz,miriam_hammonds-galindo@hotmail.com
K4AQS5MFTF7Y64T4,1986-09-15,Emilee,Solano,pamala-goldberg@hotmail.com
XLXA38LV31M9V67U,2018-05-04,Torrie,Redding,rebecca-keister@jury.com
OT13I00OD6OM5QM0,2005-07-03,Ethan,Culbertson,lorena_lockwood569@yahoo.com
DVXM3I2BNR9JQPJY,2004-08-01,Evelina,Marble,cassy52523@hotmail.com
YXPNSORHD7V2SA1A,2022-08-14,Inell,Wiese,reita-iverson14676@yahoo.com
GQQYQTBIJEPM4P76,1977-10-05,Hilaria,Bravo,bokchestnut5@displays.com
YZSUT6FET7NQULH9,2004-05-08,Marguerita,Ratliff,jacqualine.hefner1819@nr.com
QOGCBQEA2HT7L8GT,2012-08-05,Amado,Macdonald,kandygatlin269@yahoo.com
EOVIET9HEV9CAOXS,2015-03-21,Ria,Villa,emery_gabriel17@application.com
HL6QGD8834QBPPT1,2009-12-20,Sherrie,Chester,malcolmblanco5484@hotmail.com
75KF40QTL58SUZ8Y,1998-12-02,Levi,Conn,lillie-coffman@gmail.com
JZD10L74AKQCVLFL,1996-07-05,Jacquline,Yost,marianelamurillo14@hotmail.com
MU3QAJZKN8M41MH2,2011-04-09,Maryanne,Klinger,melanihollenbeck2113@polar.com
3GD5I0IONLNYPD44,1989-06-25,Ute,Durbin,summer.lerma-wooden8656@hotmail.com
RYYOEQ4D87OCAPU8,1979-01-09,Chantay,Aviles,nelson.light554@gmail.com
CF09XANFQJAVA35G,2015-01-26,Bambi,Busch,tashiadillon@gmail.com
C7TVMV446VT12SCO,2002-03-24,Moon,Guido,ha_boggs-shrader358@translated.com
1ORXQ734Q8L16DFA,1974-09-10,Ronny,Wilbur,misti-lam-schulte6@hotmail.com
GOHXRCLQIQB04583,2009-01-22,Loyce,Hurst,nikita.moreno12120@cargo.revista.bo
R0PV6YV8ZSB7CQ6V,2015-02-15,Alayna,Tuck,sohutcheson@antiques.mortgage
DMVDQV8DIQPNPSU0,1995-07-21,Susann,Jessup,merissacarroll9504@hotmail.com
GPDRXQN8PY6AAQY7,1976-11-22,Elayne,Gonzalez,shauna4047@assists.com
MV7BHQ5YDOUFXI25,1985-07-05,Tammi,Napier,juliann_kent05@hotmail.com
CDABRQGI1Z5PUVZ5,1996-04-13,William,Burke,chandrasullivan10@yahoo.com
FVSFRRHUST6NEVOT,1974-02-27,Samuel,Mayer,tishstaton@gmail.com
4ASQUQGMIG164BIC,1973-06-05,Brandi,Swope,annabel-rasmussen62199@scratch.com
U1QEYOTTAB0LYVQD,2022-09-03,Debora,Stevens,veta.sweat28124@hotmail.com
HPQ5X8IQL8KF291Q,2001-10-14,Suzette,Elmore,lien.hinson4280@gmail.com
KQDQLB99KDMZRQEX,1974-12-15,Sharyn,Oates,margart-belanger-rand6761@gmail.com
NXK5FZF1T1QSOEVH,1975-04-27,Donny,Lemons,nila.nathan@hotmail.com
1RZ7IZQQTPAUZQ2V,1977-10-12,Han,Lozano,marion.kruse@gmail.com
Q1NEZJ2QVXOIN0FU,2009-12-23,Pamela,Stidham,tobias.holguin21665@yahoo.com
CQF2V1LKDZ6P7134,2021-03-08,Luisa,Grier,devona-carter@gmail.com
NLLI98CQVH555MA4,1976-07-22,Brandee,Louis,lanie-derosa85692@zambia.com
1F1VZHHYCJQ85RYU,1994-01-05,Selina,Najera,beckie0@gmail.com
Z5BYB22N3HRDYXTO,1974-08-07,Dick,Jarrett,linnea1@links.com
CNN9KFKM9Q3ZZ892,2016-07-17,Phillis,Limon,racheal.tallent25851@disposition.com
V079QMM3QG3GFPRS,1981-02-02,Maragaret,Negron,hortensia462@hotmail.com
YATDC7J81NLMO3DY,2018-04-26,Selma,Shearer,drewgatewood9080@yahoo.com
RDJTYI1KH184KRDB,2015-11-17,Sook,Foster-Suggs,harmony6@thats.com
SXI2B660KSU3XVAK,1975-12-16,Carolyn,Nagel,darrick.banuelos-keister2657@cheque.com
PCZDYDXBMBKTF1A1,2020-05-27,Sharolyn,Weinstein,karey_felix3@gmail.com
K3659CUOOC3NYFJR,2013-12-10,Vernice,Briley,solangecamacho@restoration.com
00A639UFDU6UUREC,1981-08-05,Kendra,Louis,glynda-gooden@gmail.com
766A92B07H3GBUEG,2022-01-27,Deon,Beverly,delbert13@magnetic.k12.il
BF4YOLT6MMJZEAHY,1999-08-28,Nancy,Hooker,sabragilley@eds.com
46EQ6QYPP2MFO381,2022-08-23,Pamula,Swenson,hulda_mercer7@gmail.com
IB8IBICZB6QN42H5,2021-07-25,Myra,Mullen,bernardine-collins@median.com
N2T6HG2PG3MIN55O,1974-07-28,Maya,Staten,lida0@sets.com
KSIGLO1SGLFOKXBM,1985-10-02,Miranda,Macklin,daina.hatton86994@hotmail.com
CC6LQ2Z6KFIC6R8J,1982-06-05,Alda,Shannon,gus-gooding7980@yahoo.com
C3L3YIK50K8JEQVA,1995-04-23,Isaura,Riggs,ivana-penrod9080@gmail.com
UT67PKX42P5VPRS8,1987-05-10,Denyse,Ordonez,shakiraventura5@gmail.com
M9DS8A5S3QUF7CHQ,1997-03-07,Ranee,Earle,velma.carlos43006@gmail.com
NQ572UMBSXMQ0MOJ,2011-09-21,Cynthia,Connelly,julieann_mccray@gmail.com
DCVG13VQREXC3SO1,1998-02-23,Lyle,Race,yulanda_mcleod@yahoo.com
MIL4451QLCNI66Q2,1980-10-09,Annabell,Whitfield,robert.boucher46894@findings.com
Z3JSX3BQU0YCTK55,1978-09-22,Sirena,Suggs,lillia757@financing.com
R3KKPQZX5KP0FZ4L,1973-08-30,Bob,Buffington,ashliedietz@rocket.com
IKDN0D8GQQEIZ2NQ,1970-04-29,Lashawn,Parnell,lilly_desimone57578@newspapers.com
FLHBC0F8QIBGH6BO,2009-10-16,Elli,Rice,brigittemcclain344@offers.inabe.mie.jp
25LX4XLKX08D8I57,1989-10-28,Maximina,Wyant,cordie-broome8004@gmail.com
2L9UP7KI3GPZTIRT,2007-07-15,Nathan,Popp,charley.waite@hotmail.com
BUDLVOYP9INAZTQS,1994-02-13,Delbert,Stephenson,freemantierney80@mouth.com
LL2EFFZGIA3D1D8J,1996-09-28,Venus,Mccallister,chiquitafranklin65@assuming.com
VUMMN8CM7VQAZZXC,2018-06-15,Sharyn,Conyers,kileyseymore80@assisted.com
8Q34E475G780F7E4,2014-09-16,Jena,Brock,grayce.muir@hotmail.com
6Y0OT0NRSJT9PAV7,2015-08-06,Brittny,Pina,ferdinand-laporte@courier.com
TE1B9ZY4T51HHSDE,1984-04-24,Ariana,Dunne,terence00362@discharge.com
1P3F4NYL0UJIKAND,2017-03-18,Cathie,Street,criseldamercado@cole.com
QLPMVR6QJO1293GZ,1976-05-14,Lakia,Narvaez,farrahbrink-mccauley@yahoo.com
CKD5RIP61TTN4HFF,1989-02-11,Patience,Mendes,aliza65@gmail.com
SCOCZMU6VQ5NNQ1U,2018-02-18,Elane,Mcgovern,maryann_plante@signatures.com
N3T4UQVT2CBF79AE,1973-05-26,Shanon,Escobar,otto155@capitol.com
QUHOFYRBCNCDAJQE,1982-02-13,Minh,Stamps,cheree-hood@gmail.com
SKKYHCTU4PHTBFQZ,1994-06-02,Virgil,Doucette,johnsie-beals@yahoo.com
DXME4V74LI9VBFQL,1997-03-27,Maryanna,Diehl,tuan.holguin34608@montgomery.com
87Q7I1QYUQIVBMQE,2019-04-13,Susan,Christian,sierragrice31@comfortable.com
ZPXRJGX14OUMRBQZ,1986-12-19,Inell,Schofield,elsekowalski98150@gmail.com
DK0Q09SAJUBR3F86,2004-05-04,Evie,Dennison,consuelafisk0320@yahoo.com
DT7F8KMZ9IBV4Q80,1984-09-25,Shanita,Stclair-Friedman,bree_hawk7@gmail.com
S4KEQ977L00MEG37,1979-09-24,Eustolia,Franz,meryl79102@disk.com
XCXTTX8T68B1JMR3,1985-10-20,Antonio,Crooks,darron.lamb92375@yahoo.com
P4Z7VM2Q0ENRRHQH,1984-11-16,Delana,Macmillan,rogelio.naquin2@yahoo.com
ND55E4EQOZM6MSBI,2002-07-14,Petronila,Jankowski,samantha.alcorn26067@route.com
B07JXVASN3J18I8Y,1991-05-02,Sybil,Kozlowski,mariam_schaffer-drake7721@sn.com
5EU4NYM9KJQBI11D,2020-03-16,Isa,Philips,edris_pimentel@hotmail.com
FR2D6AH6C342K8DS,1972-11-22,Refugia,Hebert,kati_manson2@electrical.gov.my
9Y99PKQHQVZEUKXM,1975-04-13,Cindi,Mitchell,dianne.hennessey@senator.com
FTAFB80ZO1TO5YYV,2003-03-05,Cristobal,Farnsworth,guadalupe-crutcher69177@adjustable.aws
QB3KBAX7PPJN9GCM,2007-03-15,Francoise,Sheridan,nakesha.trejo@gmail.com
845B9OQ46UT9QR1M,1986-10-19,Saran,Quick,dalia.hudgens@porcelain.com
2VTP4FMPT7YGRLO3,1988-10-17,Maureen,Sorrell,robbi-dorris5@lancaster.co.tt
8HEKHQ0COQAN24LC,1982-05-14,Sofia,Nichols,fatima-townsend801@hotmail.com
7JLV1OE7A0JGKSRM,2006-03-09,Madge,Zeigler,clemmieaaron@empirical.com
V3VHB04DI5K6CND8,1988-07-19,Bobette,Mccombs,leonel_teeter64@vatican.com
9B4I8OKXL7C0P68N,1993-09-10,Yen,Bergstrom,mickeymcclary@equity.com
JURK3Q0BK6JYFYA5,2012-05-31,Stan,Tejeda,cindie92@failures.com
MFMAKP6MYASXBVD8,1998-07-18,Angelita,Curley,jani1329@taste.com
HS197D1N2FXL5XNT,1995-06-19,Verda,Lynch,natalya_schmidt78@gmail.com
VFQM35YG7KPX48ZU,1971-08-19,Ann,Salinas,solange7091@yahoo.com
TP2TEZUY1F3P4O6Q,1998-01-04,Rachell,Boston,sadye.samuel79@gmail.com
OUAT1Z1NHCOQE8FI,2014-06-17,Yun,Mccants,billy_beckwith-bess@nomination.com
34HKQQ7Q9CEKXBQQ,2010-06-20,Manuela,Lindgren,katharina8@hotmail.com
74VVXKZX2QSE0YTS,1983-03-15,Jerilyn,Shultz,christine859@gmail.com
0M3TZQZEQLYX3XYH,2008-06-29,Adrianna,Snead,nilsa841@yahoo.com
E85D3KJQEQMZJQ34,1972-07-02,Carita,Hitchcock,barrie.odonnell@hotmail.com
LINFEJ07BSNFGK7M,1998-11-07,Phyllis,Negrete,guy-wolfe7@hotmail.com
8IUTXQIJ9FYIQ5UR,2016-01-22,Collette,Moreland,toi.ali4670@gmail.com
SUB6XEMFQ882O86S,1979-08-21,Audrea,Cupp,roseline.mckeon4@chassis.moi
I8Q3O6Z7DENCLC7O,2018-03-24,Georgetta,Gagnon,siu_orton5@enables.com
LBX1RTVIYEAXRJUR,1971-09-25,Lory,Emery,geralyn-saenz3@scanning.com
9DV0T8S807AQP39H,2005-07-23,Mila,Juarez,branda63818@yahoo.com
QNAIJVPHEUR2BN5Y,1982-02-04,Rachel,Scoggins,kindra.mccallister@loaded.com
O3FBFDUHZNG3FMQF,1985-10-15,Jamel,Tolley,lisette2309@hotmail.com
JJX6CCL33DNF5608,1990-09-27,Darwin,Peck,helainereiter@hotmail.com
MRU78XD4QAM6FXDH,1973-10-10,Janene,Archer,milagro.berger23@mozambique.com
RF3ELC5A0I7QCCTN,1995-10-25,Jodee,Goldman,vesta5@hotmail.com
7R1ZQRT6JGNJUSPL,1975-09-22,Izetta,Snook,mamie.broussard0064@introductory.com
UTYYOZRFN9JKQOKA,2014-07-01,Jeffery,Gracia,lani14215@feeds.com
JNEBX65GNJA94VB4,1979-09-17,Alvina,Brubaker,corinnadollar7@gmail.com
VX7QTT454L9E83HO,2000-05-26,Suzan,Younger,carmina.matheny@hotmail.com
9312I02OXJUJ54O7,1992-04-08,Jeannie,Mcswain,jon66263@gmail.com
DXG1YCHCC170X0H6,1988-09-01,Sherri,Bostic,jonathon-swafford5@hotmail.com
NQ3QZTAKKQ6MKI5U,2021-05-22,Raymundo,Madison,maryam066@yahoo.com
KFSJ7QZIA78REEIJ,1988-11-30,Sharilyn,Tomlinson,micaela26@gmail.com
PQJ4FFD2811GI42B,1983-09-20,Nelle,Stokes,aftonmontanez-gossett@hotmail.com
CKSJZ6AK6SN3SSK6,2002-05-08,Brady,Driggers,cathie7272@protecting.com
G0I5HCHIZ7VCOBLI,2009-07-10,January,Koonce,annicewiley2287@hotmail.com
C0Y6BYB458ZGSU58,2021-05-21,Robbie,Pridgen,bokpadilla@vacancies.com
BNJMJYFQZMXOVB4Z,2001-08-09,Kenneth,Chambliss,jarrodarmstrong78483@jury.com
07ST3DCXGAFMXCPR,2011-08-04,Doris,Darby,sophia-buffington@gmail.com
Q4LKTGGJULH5EMFE,2009-12-12,Edmundo,Aragon,winston_sprouse@yahoo.com
4J16JGUD04IZHJPD,1971-05-25,Alona,Pinto,donette7@yahoo.com
8H2CVAUPM6B2S7DD,1976-08-25,Sharell,Gilliland,samantha50256@officers.com
CDHR8QYYDZNF0H7V,2012-06-29,Tamiko,Unger,terrence_messenger6@had.lib.ak.us
F7T3Q4ISV3554QOB,2006-03-03,Freddy,Seymore,abbey63612@yahoo.com
LBL9LOMIJZG5BSYQ,1970-09-09,Tiffany,Orlando,joselyn_gleason@hotmail.com
J55B1AXE7G63RIPA,2001-11-19,Elanor,Hoyle,melanie_diamond02597@yahoo.com
C53QQPZA9TTZ5SD9,2011-03-06,Starla,Galindo,sherley85253@gmail.com
V411T229X18E7RHK,1996-09-24,Colleen,Sturdivant,waylon55692@hotmail.com
QZ527KDUYX5ZNYO8,1981-06-05,Kiera,Rutherford,stevie4877@qui.com
JAKQUZYV8LZEKOMC,1974-04-30,Danika,Hull,gilberte.girard9@cos.com
QX3A8ZBM9ZICVJHT,2004-07-23,Sharilyn,Downes,cher-mitchell7@hotmail.com
0YFMMTGTTFCJSQAE,2002-10-26,Linette,Belcher,lynsey-carlos@formed.com
7VQF8HP7ZAVT8NQC,1997-02-17,Gaynell,Larson,roseanne875@hotmail.com
N20XJ8KG1FIEQG41,2021-10-20,Anastacia,Barraza,idell7@plant.markets
8DSPHEJ632TO1AA1,2006-09-07,Sherrell,Westfall,ingeborg6@combination.com
VNG4S2R3D19THVJE,1991-07-17,Abdul,Ackley,jeanetta_lindsey@burlington.com
TOOF05MZOC694ZQA,1978-06-10,Zulma,Shoemaker,kip.kirk@hotmail.com
UARAMQV2YOSUORR9,2009-05-05,Kandice,Juarez,hollis6@tucson.åmot.no
H007GFZ33Q0H02IK,2010-07-14,Toney,Ireland,marcelene9@comparison.com
TM284OQIZM04GMGR,2020-08-05,Jesusa,Solano-Conti,paulettamckee@yahoo.com
0OBQQZVQ1BXO4V8T,2012-09-24,Philip,Chalmers,florencia-kell@gmail.com
C47YHNCYI8DKN823,1972-07-21,Boyce,Busch-Cody,zolawiley0849@hotmail.com
EVVQ2JMYJUCHHZQO,2019-03-27,Mora,Shirley,lavinia-hammonds6@yahoo.com
CQGIUAVDJH99VBQS,1973-04-08,Georgetta,Swann,gregorio_fisher@quilt.kitashiobara.fukushima.jp
FEUUK6J8DG8FBPP8,2015-12-29,Leighann,Sexton,chaya.bernhardt@hotmail.com
3G4D9JT2JK1AKK9N,1974-09-29,Magda,Dick,milissamayberry0@blue.com
I3VK9EUNNZ13CODX,2016-02-01,Erin,Lord,shalanda_lacey@vt.luzern.museum
DCCS2GCOCXJG8QXP,2002-08-05,Tarah,Redding,tasha_clifford@destroy.com
QIRVE0IX8L5AVKDS,2010-12-05,Dorotha,Siler,raymon.whited52@hotmail.com
OXFAEUUF7EH4QLXR,2003-08-21,Juliet,Nakamura,dirkmarion1952@ordinary.com
7FFJ26OZ6XZ74ADT,2000-07-23,Tabetha,Koonce,aleshia_speer@published.com
28BVOI2ARKAFQCJ8,1979-12-15,Velda,Sasser,herminia-upshaw@manor.org.om
O3BRMLYJ37ZO8CIS,2003-03-11,Alisha,Cage,marcelene-campbell9@gmail.com
2ANBHA002J4Y6Q6M,1983-12-07,Jean,North,love7304@incorporated.ro.leg.br
VPQPQ6QR2PQLQ9MF,2005-08-14,Anette,Bingham,angeles7403@fatty.com
98ZJCMLFXDNJTLQ8,1987-01-25,Danuta,Albertson,mikegeer@dealer.lib.nm.us
JBO36UZ15U6C8NQ7,1989-03-30,Anabel,Hendon,wei_kahn33029@hotmail.com
FU6JDFJYLAHKXR85,2022-12-07,Delia,Lopez,cecelia48@yahoo.com
NQJVLK06QYOIN08D,2003-01-30,Ha,Scott,analisamohr5589@residence.com
5JIQUPFUFSQNTDNF,1992-09-28,Deneen,Mattingly,regina-betancourt@yahoo.com
CVK2BVTP0B77LUTI,2016-06-17,Adena,Stott-Browning,elizebeth-gower7@consequences.kanan.osaka.jp
7FQNSPZFD0K9442O,2021-02-16,Sabra,Morris,cole211@xbox.com
0Q493CXU9X4GQ5E0,1982-07-01,Sidney,Guerin,michelinamccreary86560@yahoo.com
UDE0JCPQ432VULQZ,2020-08-11,Joella,Worth,audrey_bautista42@gmail.com
M3TEHXHE3MZ8URXY,1999-10-28,India,Antonio,delilah_wheat35@hotmail.com
QUNZ8MY8DE9H3SB2,1989-01-20,Rey,Gunther,paulene47@gmail.com
41S767U749Q794QO,2005-01-07,Bee,Ojeda,loni.braxton1834@yahoo.com
JXG0U0ZSXUU42QUK,2019-08-20,Ronny,Mahan,karol_easton7@hotmail.com
LO86RCEA8DFQ19DT,1992-04-13,Diego,Heller,tatianabundy344@yahoo.com
BKMG1HVC2KSQ1J2D,1981-03-21,Anja,Hoke-Golden,milda-walston@acne.com
ND9UUCA6NRGE3RQG,1989-01-04,Raymond,Murillo,towanda.deberry@bulgarian.com
VQJ1CSRJL5JUKERZ,1991-06-18,Sean,Rains,audria0263@armor.com
KDLU4N5J7450QU6G,2016-12-08,Giovanna,Smalley,palmer.hawks33@fourth.com
ONGFZTCVRAOB3JYT,2016-02-17,Briana,Woodruff,kyokodenham@yahoo.com
MH5M5NM8IAQDKQII,1990-06-17,Porsche,Petrie,exie-barton@resumes.com
373KSESRD5B53AYY,1984-09-10,Jenifer,Rosen,jeanmariekoonce0@gmail.com
SQ41I8SDKY74ATMI,2021-07-10,Vicente,Cavanaugh,candelaria20290@gmail.com
EHIYSVCYR7OUGGGB,1974-09-30,Vicki,Candelaria,debbi_pfeiffer@woods.com
JHYA7YQKTU2VY707,2005-07-25,Sheba,Juarez,michell-whitcomb@ambien.com
IJJQZPZ4M0FCJ9BG,1991-05-14,Beth,Brady-Beane,lorette2984@releases.com
VN05LF58QVYKSLJH,1998-10-14,Deena,Sommers,annis_durham@yahoo.com
N3HYHQSDF4JKRBOS,1978-11-11,Bella,Chamberlain,alona93839@hotmail.com
41THUTG0QQQ0LNTE,2000-10-20,Parker,Nieto,windy61@yahoo.com
Z0IMJKBGDVHJBS0H,2017-11-22,Eilene,Nagle,emelinahuntington@yahoo.com
IV5LO7Q7QANNDOUN,1975-09-22,Rocky,Nye,aleta52@political.com
6XQS4I6669JBY8H3,1981-06-13,Earl,Ward,barbramaclean8835@purchases.com
ASG4105B5FASXN16,1972-03-29,Stephani,Dickens,cynthia570@hotmail.com
8ZA4QSCE1SNCQD25,2007-01-08,Barbar,Timmons,arlena31@sought.com
HXCTZ52UQQ5N9C7K,1994-11-29,Viola,Carter,johnettehare99338@avg.com
I4X81NPICI3R20QS,1970-11-17,Candra,Lacey,marcell_madden4464@flooring.com
IZKCTD0TSE2ASLZF,2014-12-29,Bobbi,Higgs,shena_apple@jim.com
IVNY2705KEH8OUX6,1972-07-21,Jenifer,Weathers,millie.corwin93835@cancelled.riik.ee
2QZE2P6V2FR8NO3K,1977-06-11,Ellen,Portillo,bonnie30@angela.com
MQYQZC03TQN4TVRE,1994-02-01,Kay,Kinder,natalia48@hotmail.com
BXNBIBS9SM658V2G,1975-04-20,Neville,Giordano,clemmie.dickey25@dated.works.aero
9DI6UES6OCPOS2PM,1995-11-06,Mack,Kell-Aguayo,micaela.rivas@gmail.com
Q0FZNHITARONQPUQ,1972-06-20,Soo,Baber,magdalena-whitmore83279@consult.com
8REUK0S0YA7TB6ES,1978-02-21,Sandi,Guillory,corinnegetz@gmail.com
SSRI27BENZO6173L,1979-04-28,Tomeka,Ware,alitamay236@inflation.com
FGOGLVQUGPG9BEZ8,1986-03-11,Aurelio,Kirkwood,jenettebrowder@hotmail.com
22H0NQ7IG2EZ1TAQ,1985-10-12,Ma,Crouch,buford_story@cooking.com
NO2D51GELQ3CR3HJ,1989-11-08,Jamila,Felix,aleisha8342@airport.com
SIQ5A3GZOQSQFZ0N,2017-07-19,Lilli,Clifford,lena_sweeney9959@holes.com
Q6R9GVXXG528ZN5G,1990-12-02,Rosalinda,Ramsay,otilia.winfrey204@yahoo.com
SJQCAFVOD4RJCXJD,2013-10-12,Cherry,Aldridge,marcia7@hotmail.com
XM4AKUM5M2K0LOED,2011-07-23,Elly,Rife,cori.coker@insects.com
4RSD3HQ3MSQOEGBH,2004-07-15,Mack,Goodrich,pamelia-mcnamara@par.com
Q4F0AFUA6FI840GB,1992-06-22,Dwayne,Fitzgerald-Hood,crysta_tibbetts-escobedo0786@pierre.com
SS6QQY7UTZXTRSJJ,1975-07-30,Bari,Thomsen,antoinette-rhoades@gmail.com
USSI2VS63NPMNGTL,1997-10-25,Evelyn,Ordonez,kenny-stern22@airports.com
IZFIXHO8IKCTATQ1,2008-06-05,Emmanuel,Willey,parthenia.streeter@playlist.com
QZN71OF35FKVA9BD,1976-01-09,Barry,Woo,lilia.dent@hotmail.com
TI2PMM5F7Q2OHQDY,1987-05-26,Regina,Jacques,dion.roque@yahoo.com
GB83YRNZY0BPQHNQ,2020-02-03,Amberly,Pepper,avelina362@gmail.com
KJNAKTUDMHQCHZIO,1990-05-21,Krysta,Cazares,verline.gannon5@yahoo.com
JZ8AEJNKA8AFY1KR,2010-08-25,Janis,Dozier,janeth-mccormack@hotmail.com
4BMJOMYQGSRNMSY9,2001-04-26,Joel,Diamond,mireya-pantoja@gmail.com
I3GBUCRNTQIYSL68,2007-05-22,Vince,Villagomez,terica06@yahoo.com
Q4JQY66H1E09FAH6,2011-11-02,Amira,Asbury,brinda72@hotmail.com
XSN67ND8XNOLKX6P,2020-12-26,Carrol,Dover,yadirapyle98@ultimately.com
QK0I317KF3468M4M,1982-09-09,Karena,Acevedo,eura38146@apparently.com
JH0087EMXSHJGSAN,1993-04-18,Chia,King,adele_power@gmail.com
221XCVFAQ43OMJF4,1976-04-05,Chieko,Frost,delcie-hahn@control.sortland.no
HJREQ9TYLN0JS5S7,2019-12-28,Parker,Bertrand,lucien.redden@lime.com
5Q796DYUMQ7QIJJJ,2021-09-09,Keisha,Talbott,evelin-trowbridge7815@trying.com
7Z6QQQMXNBP8OULZ,2007-09-21,Drucilla,Ramos,nydia.jefferies-watt@gmail.com
FA1BQD3DSSXBTJG4,1990-10-16,Lisette,Pettit,tameka-kraus9@interfaces.com
TUH6R2QQ70Q9GCHQ,2013-06-14,Marica,Kirkpatrick,sherrill-wofford0351@selection.com
8YXX8DG8PHFJHGZL,2004-10-12,Markus,Vanmeter,carolina.calkins48588@hotmail.com
DV4VFXSQF927ZYFS,1992-05-18,Deane,Malcolm,maybell-slater@yahoo.com
MLAYROB0SNHESQLH,1996-11-09,Fonda,Utley,leonarda22413@yahoo.com
L37JP3URFBMS38JN,2005-10-25,Glinda,Goodson,star-tatum@gmail.com
DXND7GIKB3DRJZKE,1985-05-03,Loria,Orta,olen4646@symphony.com
L6EXKZQBZJ7CR44Y,1994-02-06,Georgene,Mowery,alline-lawrence-crockett6445@hotmail.com
U67MI1FQN8QHN9CR,1990-07-01,Lupe,Sparks,annemarie-douglas@yahoo.com
U8MKMLF6I53I3I90,1970-03-11,Camila,Mcbee,arianne51@sponsored.com
U35KRYMFBRQ09CL6,1984-11-10,Mandy,Becker,jerald98292@ordering.com
AZ8R5QJ4UBO7H2LE,1987-09-02,Nisha,Caban,earlie11537@vote.com
NFHPO7MQPVVEXAJA,2006-07-05,Candice,Boland,erwin83423@canyon.oe.yamagata.jp
O03F3PZ4GCNY34DY,1986-06-21,Rosann,Scholl,helen-pride693@andorra.com
BK9F1X1XCQFQ9Q1Q,1973-01-12,Sanora,Parks,kristine06131@endorsement.com.ni
JG4KVCGSL3IVGNJ2,2019-03-14,Angelina,Hull,carolefried37999@yahoo.com
7NOKTFQJM3K5M6MV,1977-02-09,Thi,Milton,johnetta805@hotmail.com
0PN27QI0EY5HT4XF,1995-03-17,Teddy,Peters,pauline.byars1724@gmail.com
G6UBKC10NOQYM64R,2021-11-24,Dreama,Li,chantellerounds@gmail.com
GBQMO4JDD5AFXVJO,2003-10-21,Quentin,Byers,brenna893@yahoo.com
Y0E1ULIQE80GOTO6,2015-09-28,Minna,Proffitt,chantelledurden265@visited.iwakuni.yamaguchi.jp
TSRB4R37Q41XQYQR,2020-09-27,Sharda,Hubbard,golden.ledbetter@hotmail.com
DET3ATEZZHIJR6TU,1996-08-10,Magali,Duffy,margherita6@hotmail.com
3O2Z8ZZH2EQQQUBN,2015-05-03,Marcelo,Shackelford,marcella_palmer@tions.com
8CQCQ4BH9YVTO1LD,1987-09-19,Carroll,Overton,sixta.mallory@gmail.com
09BMQ6J224GRIQJ7,1987-08-14,Lula,Cowell,bella6364@gmail.com
5X9FJQ5A9LPGQ0RN,2010-02-15,Nathanial,Lawhorn,wan-wooten684@interventions.khakassia.su
1G2O6FQVUAA35K5T,1989-02-26,Jannette,Metzler,brandon-markley6@jungle.ås.no
A8FHTYFR32QX0Q0G,2001-10-11,Rebbeca,Hamblin,miguel926@hotmail.com
N0DU39R6D6OLRRKA,2013-01-31,Dovie,Bundy,joanne2051@wanting.com
GPQIB4L6YZJ9QLXV,1989-03-28,Jermaine,Armstead,ardis_trask@yahoo.com
6A4QJ6ANZ10OIARQ,1973-10-20,Dortha,Winkler,janett-li@pendant.com
B3M5VJ8084R1MICA,2008-07-15,Teresita,Wooley,larae264@yahoo.com
2FK4NZ6N42MNZQFK,1973-07-15,Joelle,Leboeuf,jana5@groove.yura.wakayama.jp
UARXDH4Q4ONLHRFN,2010-01-09,Whitney,Tremblay,tosha_jameson9@hotmail.com
38NV3EFLTC3M7J0C,2007-11-16,Mellisa,Cowell,stefani_culver453@headlines.phoenix.museum
NLQJDPTM4AD2FEPB,1976-03-05,Leena,Finney,jeninedumas12737@yahoo.com
Y3MHHNSQ779Q34X0,2013-01-15,Maurice,Mccord,ocie4905@hotmail.com
PZDZ5L1DRQAI8XE1,1994-07-23,Delbert,Ash,joselyn.rickman191@hotmail.com
J4QCZHPMN0551A8K,2004-07-09,Otelia,Covey,faithworden5@yahoo.com
7VGM7SOX3KB0XQXV,1984-12-17,Ingeborg,Bui,marge_frame086@gmail.com
ZZNIN7TTQERX86MQ,2018-08-10,Pearlie,Lightner,peg.kuhn963@hotmail.com
ZO8RGYYACQMQPONF,1999-08-28,Danuta,Conklin,lourdesspear@held.com
HCETMU2AVJIKRMPX,2011-05-03,Ralph,Chew,margit-cantwell@hotmail.com
9SCYS52IPM3LRPAX,1975-03-26,Natalia,Barclay-Wellman,dean-sweet9423@gmail.com
4PB3OU8CMPBEJP6S,1977-10-25,Sena,Wingfield,merle.mayhew@hotmail.com
FK4AXM1NKFERB3G0,2000-06-25,Kori,Pickett,dorothea39@collectible.com
EDH5J2V2IM6X86H9,2003-07-22,Bernadette,Madigan,bess-bettencourt53@gmail.com
J8ME4A30HLUBA97A,1993-09-06,Rosemary,Trapp,roselyn18522@chassis.com
SQ2866YD37RPK4P4,1979-05-06,Jeanice,Madsen,ward008@gmail.com
KY39LO0LSUVJDNB0,2003-10-31,Shae,Shultz,lacy-fonseca47@marco.fortworth.museum
5R3C6787TPHI1NQD,2008-10-07,Tanesha,Mattox,marylouise920@gmail.com
MLHNQ200MS89REF6,1978-11-12,Tambra,Walker,criseldabecker29137@gmail.com
1A2Q9RQY9QSECRV3,1973-04-19,Bryce,Coggins,hiroko_wicker@dynamics.cesena-forli.it
GNAGGEA3YMN37Z5Z,2017-07-14,Sommer,Mello,arianne83872@yahoo.com
A1S5YJK3CZ82C7J3,1971-08-16,Lyla,Lemay,roslyn.austin@scheme.бел
LFSQZA0LQJOUGBV3,2016-06-06,Dorian,Michel,laurette-kang@colonial.com
RADY90IOLLUDQ44R,1997-03-02,Fe,Carroll,syble_carver0@features.com
ZB4VCQSC50FQQ1RJ,1977-01-01,Loida,Sanches,odellmancuso6694@yahoo.com
66CRI0QRQQLRTMPI,1998-06-07,Lou,Helton,gwenn_dickson997@batteries.com
5V07B44TB84NJIGE,1987-03-03,Renae,Mccombs,bryant-vandiver5@hotmail.com
BK6SO6CNFKQL9FPN,2008-11-30,Wonda,Langley,mee-crutchfield@paypal.com
48IQ296N89B27P2N,2008-08-05,Maud,Solano,mayearce8733@hotmail.com
0FI42OHZ3RP74JXS,2013-11-14,Michael,Crider,georgianna51@gmail.com
D63MO5NYPAD85XYY,1998-03-18,Rima,Edmonds,zackaryshaffer@yahoo.com
YLSJOXTDPY0MJ8R7,1988-06-12,Lianne,Choate,goldie_jacques8791@neo.bømlo.no
HEQGUEJ7RIMNK8RD,1984-09-12,Evelyne,Ashton,keely2@hotmail.com
HT7CN2973VY740A5,1988-01-29,Julianne,Covington,luana73@julian.com
R3N9SD4U84VBC585,1997-12-09,Marla,Vargas,joesph3080@gmail.com
1QVR3U5Y33QMTAVE,2009-08-01,Fran,Bowers,eldora_kelso633@yahoo.com
IKA4OEZNKUSD40QG,1996-08-29,Delpha,Saxon,rachele.michel77580@da.com
KV51LJ2NNXP2IKQY,2003-10-23,Bruna,Dixon,kisha.cardona@corporations.com
RGPQ06X91F5B8FVS,1989-10-23,Claudine,Fogg,donaldpettway268@mapping.com
H2DSS2UA1A2ZU3EX,1982-08-21,Penelope,Crocker,jolanda_estrella307@thousand.com
Y2ZYKLHMFEF6FX0J,2005-08-12,Nakita,Burley-Moreland,melisa_heath@yahoo.com
MF0IS12P4ZDX7N6E,2021-06-09,Simona,Starks,nikita.wilkes47970@functional.com
QI5187J0VXKX6FDT,1992-07-28,Thanh,Hinson,kasie3282@developments.com
GJ4VQZAFJKAVYY68,1980-11-24,Otilia,Yu,karlynmatthew66@yahoo.com
G9QABZ9RSNA0KV85,2005-10-01,Jeanne,Potter,tamar_driver4661@downtown.susono.shizuoka.jp
DQBNBFDUYU1PB7MT,2007-12-17,Taryn,Ordonez,maudepennell@clinton.cloud.goog
6OA5764BYPVQQDUX,1977-05-31,Mathew,Sun,yi.carr98@gmail.com
BXPO8314Z5ATT3JY,1995-06-22,Reba,Parra,tijuanasnow4669@advertise.com
J73CHKT8HBCZIOTO,1987-11-15,Romeo,Custer,rebekahgough37743@play.ål.no
OG5RAGT7HJPF2ZCJ,2021-09-18,Dayle,Starr,jeffreyhomer@forming.com
12OXZ1FH3HQ24BPA,1986-11-19,Bernice,Sumpter,ying7517@yahoo.com
RDF76QBNYSHXIGET,2003-02-23,Orpha,Lopes,jenette43058@yahoo.com
7YBR6ICVF27280K6,1992-05-05,Guadalupe,Partin,zachary2@ma.com
209NU341PHGT59GL,2015-10-05,Griselda,Harder,larraine4010@hull.com
OGS7QQYK8UOZNSYN,1982-09-15,Deonna,Bauer,janett-berman8464@succeed.com
VGICS0BANXXLDMFP,1996-05-18,Azalee,Bannister,piedad-hatchett@announcements.saotome.st
ZKYC7VUPTM75DZDE,1980-05-07,Fawn,Keaton-Waggoner,lon.kenney@steps.com
UQ0PA8RVIS99K2X7,2016-08-09,Greta,Miranda,wernerweems5@commands.com
0D4LOO1RU3SZAC6Z,1985-11-26,Marleen,Artis,agnushillman8244@route.opencraft.hosting
9ZJMO0J9JHCSLPA8,2003-10-13,Catheryn,Bourgeois,venus26@yahoo.com
N2ZQTST761PU2IN9,1980-04-11,Lelia,Warden,bettye-lightner2@gmail.com
R53Z07RPY6VYBSQ4,1990-11-03,Daryl,Emerson,jarred.piazza3638@brian.com
ZVCHSL3Q6ZF48V64,1997-09-01,Celena,Talbert,danielehostetler@gmail.com
2E19QAZ1KBG3SQ6R,2015-05-03,Elfrieda,Simon,tarsha-hidalgo94991@yahoo.com
ASXHXLJIE4CR3YR8,1981-06-20,Theresia,Hammer,anja02@hotmail.com
SG2TUXQ5AKQJZNTI,2021-07-26,Janell,Burley,shella4@trips.com
6NRP5ODABF9CSRB2,2009-03-05,Mafalda,Leboeuf,margarettproctor-dellinger@measured.com
QQY3ZSGOEPKHQ0KQ,2016-01-08,Patria,Farrell,jonell05113@yahoo.com
HGXUBE8RXR3SKY0I,1972-09-24,Pamala,Schulze,rodrigobarry@advantage.com
V0GCVKM2MSSPIJU2,1976-01-11,Lurline,Wyatt,remedios12@gmail.com
